province_code,province,city_code,city,provinceCode,county,county_code
11,北京市,1101,市辖区,11,东城区,110101
11,北京市,1101,市辖区,11,西城区,110102
11,北京市,1101,市辖区,11,朝阳区,110105
11,北京市,1101,市辖区,11,丰台区,110106
11,北京市,1101,市辖区,11,石景山区,110107
11,北京市,1101,市辖区,11,海淀区,110108
11,北京市,1101,市辖区,11,门头沟区,110109
11,北京市,1101,市辖区,11,房山区,110111
11,北京市,1101,市辖区,11,通州区,110112
11,北京市,1101,市辖区,11,顺义区,110113
11,北京市,1101,市辖区,11,昌平区,110114
11,北京市,1101,市辖区,11,大兴区,110115
11,北京市,1101,市辖区,11,怀柔区,110116
11,北京市,1101,市辖区,11,平谷区,110117
11,北京市,1101,市辖区,11,密云区,110118
11,北京市,1101,市辖区,11,延庆区,110119
12,天津市,1201,市辖区,12,和平区,120101
12,天津市,1201,市辖区,12,河东区,120102
12,天津市,1201,市辖区,12,河西区,120103
12,天津市,1201,市辖区,12,南开区,120104
12,天津市,1201,市辖区,12,河北区,120105
12,天津市,1201,市辖区,12,红桥区,120106
12,天津市,1201,市辖区,12,东丽区,120110
12,天津市,1201,市辖区,12,西青区,120111
12,天津市,1201,市辖区,12,津南区,120112
12,天津市,1201,市辖区,12,北辰区,120113
12,天津市,1201,市辖区,12,武清区,120114
12,天津市,1201,市辖区,12,宝坻区,120115
12,天津市,1201,市辖区,12,滨海新区,120116
12,天津市,1201,市辖区,12,宁河区,120117
12,天津市,1201,市辖区,12,静海区,120118
12,天津市,1201,市辖区,12,蓟州区,120119
13,河北省,1301,石家庄市,13,长安区,130102
13,河北省,1301,石家庄市,13,桥西区,130104
13,河北省,1301,石家庄市,13,新华区,130105
13,河北省,1301,石家庄市,13,井陉矿区,130107
13,河北省,1301,石家庄市,13,裕华区,130108
13,河北省,1301,石家庄市,13,藁城区,130109
13,河北省,1301,石家庄市,13,鹿泉区,130110
13,河北省,1301,石家庄市,13,栾城区,130111
13,河北省,1301,石家庄市,13,井陉县,130121
13,河北省,1301,石家庄市,13,正定县,130123
13,河北省,1301,石家庄市,13,行唐县,130125
13,河北省,1301,石家庄市,13,灵寿县,130126
13,河北省,1301,石家庄市,13,高邑县,130127
13,河北省,1301,石家庄市,13,深泽县,130128
13,河北省,1301,石家庄市,13,赞皇县,130129
13,河北省,1301,石家庄市,13,无极县,130130
13,河北省,1301,石家庄市,13,平山县,130131
13,河北省,1301,石家庄市,13,元氏县,130132
13,河北省,1301,石家庄市,13,赵县,130133
13,河北省,1301,石家庄市,13,石家庄高新技术产业开发区,130171
13,河北省,1301,石家庄市,13,石家庄循环化工园区,130172
13,河北省,1301,石家庄市,13,辛集市,130181
13,河北省,1301,石家庄市,13,晋州市,130183
13,河北省,1301,石家庄市,13,新乐市,130184
13,河北省,1302,唐山市,13,路南区,130202
13,河北省,1302,唐山市,13,路北区,130203
13,河北省,1302,唐山市,13,古冶区,130204
13,河北省,1302,唐山市,13,开平区,130205
13,河北省,1302,唐山市,13,丰南区,130207
13,河北省,1302,唐山市,13,丰润区,130208
13,河北省,1302,唐山市,13,曹妃甸区,130209
13,河北省,1302,唐山市,13,滦南县,130224
13,河北省,1302,唐山市,13,乐亭县,130225
13,河北省,1302,唐山市,13,迁西县,130227
13,河北省,1302,唐山市,13,玉田县,130229
13,河北省,1302,唐山市,13,河北唐山芦台经济开发区,130271
13,河北省,1302,唐山市,13,唐山市汉沽管理区,130272
13,河北省,1302,唐山市,13,唐山高新技术产业开发区,130273
13,河北省,1302,唐山市,13,河北唐山海港经济开发区,130274
13,河北省,1302,唐山市,13,遵化市,130281
13,河北省,1302,唐山市,13,迁安市,130283
13,河北省,1302,唐山市,13,滦州市,130284
13,河北省,1303,秦皇岛市,13,海港区,130302
13,河北省,1303,秦皇岛市,13,山海关区,130303
13,河北省,1303,秦皇岛市,13,北戴河区,130304
13,河北省,1303,秦皇岛市,13,抚宁区,130306
13,河北省,1303,秦皇岛市,13,青龙满族自治县,130321
13,河北省,1303,秦皇岛市,13,昌黎县,130322
13,河北省,1303,秦皇岛市,13,卢龙县,130324
13,河北省,1303,秦皇岛市,13,秦皇岛市经济技术开发区,130371
13,河北省,1303,秦皇岛市,13,北戴河新区,130372
13,河北省,1304,邯郸市,13,邯山区,130402
13,河北省,1304,邯郸市,13,丛台区,130403
13,河北省,1304,邯郸市,13,复兴区,130404
13,河北省,1304,邯郸市,13,峰峰矿区,130406
13,河北省,1304,邯郸市,13,肥乡区,130407
13,河北省,1304,邯郸市,13,永年区,130408
13,河北省,1304,邯郸市,13,临漳县,130423
13,河北省,1304,邯郸市,13,成安县,130424
13,河北省,1304,邯郸市,13,大名县,130425
13,河北省,1304,邯郸市,13,涉县,130426
13,河北省,1304,邯郸市,13,磁县,130427
13,河北省,1304,邯郸市,13,邱县,130430
13,河北省,1304,邯郸市,13,鸡泽县,130431
13,河北省,1304,邯郸市,13,广平县,130432
13,河北省,1304,邯郸市,13,馆陶县,130433
13,河北省,1304,邯郸市,13,魏县,130434
13,河北省,1304,邯郸市,13,曲周县,130435
13,河北省,1304,邯郸市,13,邯郸经济技术开发区,130471
13,河北省,1304,邯郸市,13,邯郸冀南新区,130473
13,河北省,1304,邯郸市,13,武安市,130481
13,河北省,1305,邢台市,13,襄都区,130502
13,河北省,1305,邢台市,13,信都区,130503
13,河北省,1305,邢台市,13,任泽区,130505
13,河北省,1305,邢台市,13,南和区,130506
13,河北省,1305,邢台市,13,临城县,130522
13,河北省,1305,邢台市,13,内丘县,130523
13,河北省,1305,邢台市,13,柏乡县,130524
13,河北省,1305,邢台市,13,隆尧县,130525
13,河北省,1305,邢台市,13,宁晋县,130528
13,河北省,1305,邢台市,13,巨鹿县,130529
13,河北省,1305,邢台市,13,新河县,130530
13,河北省,1305,邢台市,13,广宗县,130531
13,河北省,1305,邢台市,13,平乡县,130532
13,河北省,1305,邢台市,13,威县,130533
13,河北省,1305,邢台市,13,清河县,130534
13,河北省,1305,邢台市,13,临西县,130535
13,河北省,1305,邢台市,13,河北邢台经济开发区,130571
13,河北省,1305,邢台市,13,南宫市,130581
13,河北省,1305,邢台市,13,沙河市,130582
13,河北省,1306,保定市,13,竞秀区,130602
13,河北省,1306,保定市,13,莲池区,130606
13,河北省,1306,保定市,13,满城区,130607
13,河北省,1306,保定市,13,清苑区,130608
13,河北省,1306,保定市,13,徐水区,130609
13,河北省,1306,保定市,13,涞水县,130623
13,河北省,1306,保定市,13,阜平县,130624
13,河北省,1306,保定市,13,定兴县,130626
13,河北省,1306,保定市,13,唐县,130627
13,河北省,1306,保定市,13,高阳县,130628
13,河北省,1306,保定市,13,容城县,130629
13,河北省,1306,保定市,13,涞源县,130630
13,河北省,1306,保定市,13,望都县,130631
13,河北省,1306,保定市,13,安新县,130632
13,河北省,1306,保定市,13,易县,130633
13,河北省,1306,保定市,13,曲阳县,130634
13,河北省,1306,保定市,13,蠡县,130635
13,河北省,1306,保定市,13,顺平县,130636
13,河北省,1306,保定市,13,博野县,130637
13,河北省,1306,保定市,13,雄县,130638
13,河北省,1306,保定市,13,保定高新技术产业开发区,130671
13,河北省,1306,保定市,13,保定白沟新城,130672
13,河北省,1306,保定市,13,涿州市,130681
13,河北省,1306,保定市,13,定州市,130682
13,河北省,1306,保定市,13,安国市,130683
13,河北省,1306,保定市,13,高碑店市,130684
13,河北省,1307,张家口市,13,桥东区,130702
13,河北省,1307,张家口市,13,桥西区,130703
13,河北省,1307,张家口市,13,宣化区,130705
13,河北省,1307,张家口市,13,下花园区,130706
13,河北省,1307,张家口市,13,万全区,130708
13,河北省,1307,张家口市,13,崇礼区,130709
13,河北省,1307,张家口市,13,张北县,130722
13,河北省,1307,张家口市,13,康保县,130723
13,河北省,1307,张家口市,13,沽源县,130724
13,河北省,1307,张家口市,13,尚义县,130725
13,河北省,1307,张家口市,13,蔚县,130726
13,河北省,1307,张家口市,13,阳原县,130727
13,河北省,1307,张家口市,13,怀安县,130728
13,河北省,1307,张家口市,13,怀来县,130730
13,河北省,1307,张家口市,13,涿鹿县,130731
13,河北省,1307,张家口市,13,赤城县,130732
13,河北省,1307,张家口市,13,张家口经济开发区,130771
13,河北省,1307,张家口市,13,张家口市察北管理区,130772
13,河北省,1307,张家口市,13,张家口市塞北管理区,130773
13,河北省,1308,承德市,13,双桥区,130802
13,河北省,1308,承德市,13,双滦区,130803
13,河北省,1308,承德市,13,鹰手营子矿区,130804
13,河北省,1308,承德市,13,承德县,130821
13,河北省,1308,承德市,13,兴隆县,130822
13,河北省,1308,承德市,13,滦平县,130824
13,河北省,1308,承德市,13,隆化县,130825
13,河北省,1308,承德市,13,丰宁满族自治县,130826
13,河北省,1308,承德市,13,宽城满族自治县,130827
13,河北省,1308,承德市,13,围场满族蒙古族自治县,130828
13,河北省,1308,承德市,13,承德高新技术产业开发区,130871
13,河北省,1308,承德市,13,平泉市,130881
13,河北省,1309,沧州市,13,新华区,130902
13,河北省,1309,沧州市,13,运河区,130903
13,河北省,1309,沧州市,13,沧县,130921
13,河北省,1309,沧州市,13,青县,130922
13,河北省,1309,沧州市,13,东光县,130923
13,河北省,1309,沧州市,13,海兴县,130924
13,河北省,1309,沧州市,13,盐山县,130925
13,河北省,1309,沧州市,13,肃宁县,130926
13,河北省,1309,沧州市,13,南皮县,130927
13,河北省,1309,沧州市,13,吴桥县,130928
13,河北省,1309,沧州市,13,献县,130929
13,河北省,1309,沧州市,13,孟村回族自治县,130930
13,河北省,1309,沧州市,13,河北沧州经济开发区,130971
13,河北省,1309,沧州市,13,沧州高新技术产业开发区,130972
13,河北省,1309,沧州市,13,沧州渤海新区,130973
13,河北省,1309,沧州市,13,泊头市,130981
13,河北省,1309,沧州市,13,任丘市,130982
13,河北省,1309,沧州市,13,黄骅市,130983
13,河北省,1309,沧州市,13,河间市,130984
13,河北省,1310,廊坊市,13,安次区,131002
13,河北省,1310,廊坊市,13,广阳区,131003
13,河北省,1310,廊坊市,13,固安县,131022
13,河北省,1310,廊坊市,13,永清县,131023
13,河北省,1310,廊坊市,13,香河县,131024
13,河北省,1310,廊坊市,13,大城县,131025
13,河北省,1310,廊坊市,13,文安县,131026
13,河北省,1310,廊坊市,13,大厂回族自治县,131028
13,河北省,1310,廊坊市,13,廊坊经济技术开发区,131071
13,河北省,1310,廊坊市,13,霸州市,131081
13,河北省,1310,廊坊市,13,三河市,131082
13,河北省,1311,衡水市,13,桃城区,131102
13,河北省,1311,衡水市,13,冀州区,131103
13,河北省,1311,衡水市,13,枣强县,131121
13,河北省,1311,衡水市,13,武邑县,131122
13,河北省,1311,衡水市,13,武强县,131123
13,河北省,1311,衡水市,13,饶阳县,131124
13,河北省,1311,衡水市,13,安平县,131125
13,河北省,1311,衡水市,13,故城县,131126
13,河北省,1311,衡水市,13,景县,131127
13,河北省,1311,衡水市,13,阜城县,131128
13,河北省,1311,衡水市,13,河北衡水高新技术产业开发区,131171
13,河北省,1311,衡水市,13,衡水滨湖新区,131172
13,河北省,1311,衡水市,13,深州市,131182
14,山西省,1401,太原市,14,小店区,140105
14,山西省,1401,太原市,14,迎泽区,140106
14,山西省,1401,太原市,14,杏花岭区,140107
14,山西省,1401,太原市,14,尖草坪区,140108
14,山西省,1401,太原市,14,万柏林区,140109
14,山西省,1401,太原市,14,晋源区,140110
14,山西省,1401,太原市,14,清徐县,140121
14,山西省,1401,太原市,14,阳曲县,140122
14,山西省,1401,太原市,14,娄烦县,140123
14,山西省,1401,太原市,14,山西转型综合改革示范区,140171
14,山西省,1401,太原市,14,古交市,140181
14,山西省,1402,大同市,14,新荣区,140212
14,山西省,1402,大同市,14,平城区,140213
14,山西省,1402,大同市,14,云冈区,140214
14,山西省,1402,大同市,14,云州区,140215
14,山西省,1402,大同市,14,阳高县,140221
14,山西省,1402,大同市,14,天镇县,140222
14,山西省,1402,大同市,14,广灵县,140223
14,山西省,1402,大同市,14,灵丘县,140224
14,山西省,1402,大同市,14,浑源县,140225
14,山西省,1402,大同市,14,左云县,140226
14,山西省,1402,大同市,14,山西大同经济开发区,140271
14,山西省,1403,阳泉市,14,城区,140302
14,山西省,1403,阳泉市,14,矿区,140303
14,山西省,1403,阳泉市,14,郊区,140311
14,山西省,1403,阳泉市,14,平定县,140321
14,山西省,1403,阳泉市,14,盂县,140322
14,山西省,1404,长治市,14,潞州区,140403
14,山西省,1404,长治市,14,上党区,140404
14,山西省,1404,长治市,14,屯留区,140405
14,山西省,1404,长治市,14,潞城区,140406
14,山西省,1404,长治市,14,襄垣县,140423
14,山西省,1404,长治市,14,平顺县,140425
14,山西省,1404,长治市,14,黎城县,140426
14,山西省,1404,长治市,14,壶关县,140427
14,山西省,1404,长治市,14,长子县,140428
14,山西省,1404,长治市,14,武乡县,140429
14,山西省,1404,长治市,14,沁县,140430
14,山西省,1404,长治市,14,沁源县,140431
14,山西省,1404,长治市,14,山西长治高新技术产业园区,140471
14,山西省,1405,晋城市,14,城区,140502
14,山西省,1405,晋城市,14,沁水县,140521
14,山西省,1405,晋城市,14,阳城县,140522
14,山西省,1405,晋城市,14,陵川县,140524
14,山西省,1405,晋城市,14,泽州县,140525
14,山西省,1405,晋城市,14,高平市,140581
14,山西省,1406,朔州市,14,朔城区,140602
14,山西省,1406,朔州市,14,平鲁区,140603
14,山西省,1406,朔州市,14,山阴县,140621
14,山西省,1406,朔州市,14,应县,140622
14,山西省,1406,朔州市,14,右玉县,140623
14,山西省,1406,朔州市,14,山西朔州经济开发区,140671
14,山西省,1406,朔州市,14,怀仁市,140681
14,山西省,1407,晋中市,14,榆次区,140702
14,山西省,1407,晋中市,14,太谷区,140703
14,山西省,1407,晋中市,14,榆社县,140721
14,山西省,1407,晋中市,14,左权县,140722
14,山西省,1407,晋中市,14,和顺县,140723
14,山西省,1407,晋中市,14,昔阳县,140724
14,山西省,1407,晋中市,14,寿阳县,140725
14,山西省,1407,晋中市,14,祁县,140727
14,山西省,1407,晋中市,14,平遥县,140728
14,山西省,1407,晋中市,14,灵石县,140729
14,山西省,1407,晋中市,14,介休市,140781
14,山西省,1408,运城市,14,盐湖区,140802
14,山西省,1408,运城市,14,临猗县,140821
14,山西省,1408,运城市,14,万荣县,140822
14,山西省,1408,运城市,14,闻喜县,140823
14,山西省,1408,运城市,14,稷山县,140824
14,山西省,1408,运城市,14,新绛县,140825
14,山西省,1408,运城市,14,绛县,140826
14,山西省,1408,运城市,14,垣曲县,140827
14,山西省,1408,运城市,14,夏县,140828
14,山西省,1408,运城市,14,平陆县,140829
14,山西省,1408,运城市,14,芮城县,140830
14,山西省,1408,运城市,14,永济市,140881
14,山西省,1408,运城市,14,河津市,140882
14,山西省,1409,忻州市,14,忻府区,140902
14,山西省,1409,忻州市,14,定襄县,140921
14,山西省,1409,忻州市,14,五台县,140922
14,山西省,1409,忻州市,14,代县,140923
14,山西省,1409,忻州市,14,繁峙县,140924
14,山西省,1409,忻州市,14,宁武县,140925
14,山西省,1409,忻州市,14,静乐县,140926
14,山西省,1409,忻州市,14,神池县,140927
14,山西省,1409,忻州市,14,五寨县,140928
14,山西省,1409,忻州市,14,岢岚县,140929
14,山西省,1409,忻州市,14,河曲县,140930
14,山西省,1409,忻州市,14,保德县,140931
14,山西省,1409,忻州市,14,偏关县,140932
14,山西省,1409,忻州市,14,五台山风景名胜区,140971
14,山西省,1409,忻州市,14,原平市,140981
14,山西省,1410,临汾市,14,尧都区,141002
14,山西省,1410,临汾市,14,曲沃县,141021
14,山西省,1410,临汾市,14,翼城县,141022
14,山西省,1410,临汾市,14,襄汾县,141023
14,山西省,1410,临汾市,14,洪洞县,141024
14,山西省,1410,临汾市,14,古县,141025
14,山西省,1410,临汾市,14,安泽县,141026
14,山西省,1410,临汾市,14,浮山县,141027
14,山西省,1410,临汾市,14,吉县,141028
14,山西省,1410,临汾市,14,乡宁县,141029
14,山西省,1410,临汾市,14,大宁县,141030
14,山西省,1410,临汾市,14,隰县,141031
14,山西省,1410,临汾市,14,永和县,141032
14,山西省,1410,临汾市,14,蒲县,141033
14,山西省,1410,临汾市,14,汾西县,141034
14,山西省,1410,临汾市,14,侯马市,141081
14,山西省,1410,临汾市,14,霍州市,141082
14,山西省,1411,吕梁市,14,离石区,141102
14,山西省,1411,吕梁市,14,文水县,141121
14,山西省,1411,吕梁市,14,交城县,141122
14,山西省,1411,吕梁市,14,兴县,141123
14,山西省,1411,吕梁市,14,临县,141124
14,山西省,1411,吕梁市,14,柳林县,141125
14,山西省,1411,吕梁市,14,石楼县,141126
14,山西省,1411,吕梁市,14,岚县,141127
14,山西省,1411,吕梁市,14,方山县,141128
14,山西省,1411,吕梁市,14,中阳县,141129
14,山西省,1411,吕梁市,14,交口县,141130
14,山西省,1411,吕梁市,14,孝义市,141181
14,山西省,1411,吕梁市,14,汾阳市,141182
15,内蒙古自治区,1501,呼和浩特市,15,新城区,150102
15,内蒙古自治区,1501,呼和浩特市,15,回民区,150103
15,内蒙古自治区,1501,呼和浩特市,15,玉泉区,150104
15,内蒙古自治区,1501,呼和浩特市,15,赛罕区,150105
15,内蒙古自治区,1501,呼和浩特市,15,土默特左旗,150121
15,内蒙古自治区,1501,呼和浩特市,15,托克托县,150122
15,内蒙古自治区,1501,呼和浩特市,15,和林格尔县,150123
15,内蒙古自治区,1501,呼和浩特市,15,清水河县,150124
15,内蒙古自治区,1501,呼和浩特市,15,武川县,150125
15,内蒙古自治区,1501,呼和浩特市,15,呼和浩特经济技术开发区,150172
15,内蒙古自治区,1502,包头市,15,东河区,150202
15,内蒙古自治区,1502,包头市,15,昆都仑区,150203
15,内蒙古自治区,1502,包头市,15,青山区,150204
15,内蒙古自治区,1502,包头市,15,石拐区,150205
15,内蒙古自治区,1502,包头市,15,白云鄂博矿区,150206
15,内蒙古自治区,1502,包头市,15,九原区,150207
15,内蒙古自治区,1502,包头市,15,土默特右旗,150221
15,内蒙古自治区,1502,包头市,15,固阳县,150222
15,内蒙古自治区,1502,包头市,15,达尔罕茂明安联合旗,150223
15,内蒙古自治区,1502,包头市,15,包头稀土高新技术产业开发区,150271
15,内蒙古自治区,1503,乌海市,15,海勃湾区,150302
15,内蒙古自治区,1503,乌海市,15,海南区,150303
15,内蒙古自治区,1503,乌海市,15,乌达区,150304
15,内蒙古自治区,1504,赤峰市,15,红山区,150402
15,内蒙古自治区,1504,赤峰市,15,元宝山区,150403
15,内蒙古自治区,1504,赤峰市,15,松山区,150404
15,内蒙古自治区,1504,赤峰市,15,阿鲁科尔沁旗,150421
15,内蒙古自治区,1504,赤峰市,15,巴林左旗,150422
15,内蒙古自治区,1504,赤峰市,15,巴林右旗,150423
15,内蒙古自治区,1504,赤峰市,15,林西县,150424
15,内蒙古自治区,1504,赤峰市,15,克什克腾旗,150425
15,内蒙古自治区,1504,赤峰市,15,翁牛特旗,150426
15,内蒙古自治区,1504,赤峰市,15,喀喇沁旗,150428
15,内蒙古自治区,1504,赤峰市,15,宁城县,150429
15,内蒙古自治区,1504,赤峰市,15,敖汉旗,150430
15,内蒙古自治区,1505,通辽市,15,科尔沁区,150502
15,内蒙古自治区,1505,通辽市,15,科尔沁左翼中旗,150521
15,内蒙古自治区,1505,通辽市,15,科尔沁左翼后旗,150522
15,内蒙古自治区,1505,通辽市,15,开鲁县,150523
15,内蒙古自治区,1505,通辽市,15,库伦旗,150524
15,内蒙古自治区,1505,通辽市,15,奈曼旗,150525
15,内蒙古自治区,1505,通辽市,15,扎鲁特旗,150526
15,内蒙古自治区,1505,通辽市,15,通辽经济技术开发区,150571
15,内蒙古自治区,1505,通辽市,15,霍林郭勒市,150581
15,内蒙古自治区,1506,鄂尔多斯市,15,东胜区,150602
15,内蒙古自治区,1506,鄂尔多斯市,15,康巴什区,150603
15,内蒙古自治区,1506,鄂尔多斯市,15,达拉特旗,150621
15,内蒙古自治区,1506,鄂尔多斯市,15,准格尔旗,150622
15,内蒙古自治区,1506,鄂尔多斯市,15,鄂托克前旗,150623
15,内蒙古自治区,1506,鄂尔多斯市,15,鄂托克旗,150624
15,内蒙古自治区,1506,鄂尔多斯市,15,杭锦旗,150625
15,内蒙古自治区,1506,鄂尔多斯市,15,乌审旗,150626
15,内蒙古自治区,1506,鄂尔多斯市,15,伊金霍洛旗,150627
15,内蒙古自治区,1507,呼伦贝尔市,15,海拉尔区,150702
15,内蒙古自治区,1507,呼伦贝尔市,15,扎赉诺尔区,150703
15,内蒙古自治区,1507,呼伦贝尔市,15,阿荣旗,150721
15,内蒙古自治区,1507,呼伦贝尔市,15,莫力达瓦达斡尔族自治旗,150722
15,内蒙古自治区,1507,呼伦贝尔市,15,鄂伦春自治旗,150723
15,内蒙古自治区,1507,呼伦贝尔市,15,鄂温克族自治旗,150724
15,内蒙古自治区,1507,呼伦贝尔市,15,陈巴尔虎旗,150725
15,内蒙古自治区,1507,呼伦贝尔市,15,新巴尔虎左旗,150726
15,内蒙古自治区,1507,呼伦贝尔市,15,新巴尔虎右旗,150727
15,内蒙古自治区,1507,呼伦贝尔市,15,满洲里市,150781
15,内蒙古自治区,1507,呼伦贝尔市,15,牙克石市,150782
15,内蒙古自治区,1507,呼伦贝尔市,15,扎兰屯市,150783
15,内蒙古自治区,1507,呼伦贝尔市,15,额尔古纳市,150784
15,内蒙古自治区,1507,呼伦贝尔市,15,根河市,150785
15,内蒙古自治区,1508,巴彦淖尔市,15,临河区,150802
15,内蒙古自治区,1508,巴彦淖尔市,15,五原县,150821
15,内蒙古自治区,1508,巴彦淖尔市,15,磴口县,150822
15,内蒙古自治区,1508,巴彦淖尔市,15,乌拉特前旗,150823
15,内蒙古自治区,1508,巴彦淖尔市,15,乌拉特中旗,150824
15,内蒙古自治区,1508,巴彦淖尔市,15,乌拉特后旗,150825
15,内蒙古自治区,1508,巴彦淖尔市,15,杭锦后旗,150826
15,内蒙古自治区,1509,乌兰察布市,15,集宁区,150902
15,内蒙古自治区,1509,乌兰察布市,15,卓资县,150921
15,内蒙古自治区,1509,乌兰察布市,15,化德县,150922
15,内蒙古自治区,1509,乌兰察布市,15,商都县,150923
15,内蒙古自治区,1509,乌兰察布市,15,兴和县,150924
15,内蒙古自治区,1509,乌兰察布市,15,凉城县,150925
15,内蒙古自治区,1509,乌兰察布市,15,察哈尔右翼前旗,150926
15,内蒙古自治区,1509,乌兰察布市,15,察哈尔右翼中旗,150927
15,内蒙古自治区,1509,乌兰察布市,15,察哈尔右翼后旗,150928
15,内蒙古自治区,1509,乌兰察布市,15,四子王旗,150929
15,内蒙古自治区,1509,乌兰察布市,15,丰镇市,150981
15,内蒙古自治区,1522,兴安盟,15,乌兰浩特市,152201
15,内蒙古自治区,1522,兴安盟,15,阿尔山市,152202
15,内蒙古自治区,1522,兴安盟,15,科尔沁右翼前旗,152221
15,内蒙古自治区,1522,兴安盟,15,科尔沁右翼中旗,152222
15,内蒙古自治区,1522,兴安盟,15,扎赉特旗,152223
15,内蒙古自治区,1522,兴安盟,15,突泉县,152224
15,内蒙古自治区,1525,锡林郭勒盟,15,二连浩特市,152501
15,内蒙古自治区,1525,锡林郭勒盟,15,锡林浩特市,152502
15,内蒙古自治区,1525,锡林郭勒盟,15,阿巴嘎旗,152522
15,内蒙古自治区,1525,锡林郭勒盟,15,苏尼特左旗,152523
15,内蒙古自治区,1525,锡林郭勒盟,15,苏尼特右旗,152524
15,内蒙古自治区,1525,锡林郭勒盟,15,东乌珠穆沁旗,152525
15,内蒙古自治区,1525,锡林郭勒盟,15,西乌珠穆沁旗,152526
15,内蒙古自治区,1525,锡林郭勒盟,15,太仆寺旗,152527
15,内蒙古自治区,1525,锡林郭勒盟,15,镶黄旗,152528
15,内蒙古自治区,1525,锡林郭勒盟,15,正镶白旗,152529
15,内蒙古自治区,1525,锡林郭勒盟,15,正蓝旗,152530
15,内蒙古自治区,1525,锡林郭勒盟,15,多伦县,152531
15,内蒙古自治区,1525,锡林郭勒盟,15,乌拉盖管委会,152571
15,内蒙古自治区,1529,阿拉善盟,15,阿拉善左旗,152921
15,内蒙古自治区,1529,阿拉善盟,15,阿拉善右旗,152922
15,内蒙古自治区,1529,阿拉善盟,15,额济纳旗,152923
15,内蒙古自治区,1529,阿拉善盟,15,内蒙古阿拉善经济开发区,152971
21,辽宁省,2101,沈阳市,21,和平区,210102
21,辽宁省,2101,沈阳市,21,沈河区,210103
21,辽宁省,2101,沈阳市,21,大东区,210104
21,辽宁省,2101,沈阳市,21,皇姑区,210105
21,辽宁省,2101,沈阳市,21,铁西区,210106
21,辽宁省,2101,沈阳市,21,苏家屯区,210111
21,辽宁省,2101,沈阳市,21,浑南区,210112
21,辽宁省,2101,沈阳市,21,沈北新区,210113
21,辽宁省,2101,沈阳市,21,于洪区,210114
21,辽宁省,2101,沈阳市,21,辽中区,210115
21,辽宁省,2101,沈阳市,21,康平县,210123
21,辽宁省,2101,沈阳市,21,法库县,210124
21,辽宁省,2101,沈阳市,21,新民市,210181
21,辽宁省,2102,大连市,21,中山区,210202
21,辽宁省,2102,大连市,21,西岗区,210203
21,辽宁省,2102,大连市,21,沙河口区,210204
21,辽宁省,2102,大连市,21,甘井子区,210211
21,辽宁省,2102,大连市,21,旅顺口区,210212
21,辽宁省,2102,大连市,21,金州区,210213
21,辽宁省,2102,大连市,21,普兰店区,210214
21,辽宁省,2102,大连市,21,长海县,210224
21,辽宁省,2102,大连市,21,瓦房店市,210281
21,辽宁省,2102,大连市,21,庄河市,210283
21,辽宁省,2103,鞍山市,21,铁东区,210302
21,辽宁省,2103,鞍山市,21,铁西区,210303
21,辽宁省,2103,鞍山市,21,立山区,210304
21,辽宁省,2103,鞍山市,21,千山区,210311
21,辽宁省,2103,鞍山市,21,台安县,210321
21,辽宁省,2103,鞍山市,21,岫岩满族自治县,210323
21,辽宁省,2103,鞍山市,21,海城市,210381
21,辽宁省,2104,抚顺市,21,新抚区,210402
21,辽宁省,2104,抚顺市,21,东洲区,210403
21,辽宁省,2104,抚顺市,21,望花区,210404
21,辽宁省,2104,抚顺市,21,顺城区,210411
21,辽宁省,2104,抚顺市,21,抚顺县,210421
21,辽宁省,2104,抚顺市,21,新宾满族自治县,210422
21,辽宁省,2104,抚顺市,21,清原满族自治县,210423
21,辽宁省,2105,本溪市,21,平山区,210502
21,辽宁省,2105,本溪市,21,溪湖区,210503
21,辽宁省,2105,本溪市,21,明山区,210504
21,辽宁省,2105,本溪市,21,南芬区,210505
21,辽宁省,2105,本溪市,21,本溪满族自治县,210521
21,辽宁省,2105,本溪市,21,桓仁满族自治县,210522
21,辽宁省,2106,丹东市,21,元宝区,210602
21,辽宁省,2106,丹东市,21,振兴区,210603
21,辽宁省,2106,丹东市,21,振安区,210604
21,辽宁省,2106,丹东市,21,宽甸满族自治县,210624
21,辽宁省,2106,丹东市,21,东港市,210681
21,辽宁省,2106,丹东市,21,凤城市,210682
21,辽宁省,2107,锦州市,21,古塔区,210702
21,辽宁省,2107,锦州市,21,凌河区,210703
21,辽宁省,2107,锦州市,21,太和区,210711
21,辽宁省,2107,锦州市,21,黑山县,210726
21,辽宁省,2107,锦州市,21,义县,210727
21,辽宁省,2107,锦州市,21,凌海市,210781
21,辽宁省,2107,锦州市,21,北镇市,210782
21,辽宁省,2108,营口市,21,站前区,210802
21,辽宁省,2108,营口市,21,西市区,210803
21,辽宁省,2108,营口市,21,鲅鱼圈区,210804
21,辽宁省,2108,营口市,21,老边区,210811
21,辽宁省,2108,营口市,21,盖州市,210881
21,辽宁省,2108,营口市,21,大石桥市,210882
21,辽宁省,2109,阜新市,21,海州区,210902
21,辽宁省,2109,阜新市,21,新邱区,210903
21,辽宁省,2109,阜新市,21,太平区,210904
21,辽宁省,2109,阜新市,21,清河门区,210905
21,辽宁省,2109,阜新市,21,细河区,210911
21,辽宁省,2109,阜新市,21,阜新蒙古族自治县,210921
21,辽宁省,2109,阜新市,21,彰武县,210922
21,辽宁省,2110,辽阳市,21,白塔区,211002
21,辽宁省,2110,辽阳市,21,文圣区,211003
21,辽宁省,2110,辽阳市,21,宏伟区,211004
21,辽宁省,2110,辽阳市,21,弓长岭区,211005
21,辽宁省,2110,辽阳市,21,太子河区,211011
21,辽宁省,2110,辽阳市,21,辽阳县,211021
21,辽宁省,2110,辽阳市,21,灯塔市,211081
21,辽宁省,2111,盘锦市,21,双台子区,211102
21,辽宁省,2111,盘锦市,21,兴隆台区,211103
21,辽宁省,2111,盘锦市,21,大洼区,211104
21,辽宁省,2111,盘锦市,21,盘山县,211122
21,辽宁省,2112,铁岭市,21,银州区,211202
21,辽宁省,2112,铁岭市,21,清河区,211204
21,辽宁省,2112,铁岭市,21,铁岭县,211221
21,辽宁省,2112,铁岭市,21,西丰县,211223
21,辽宁省,2112,铁岭市,21,昌图县,211224
21,辽宁省,2112,铁岭市,21,调兵山市,211281
21,辽宁省,2112,铁岭市,21,开原市,211282
21,辽宁省,2113,朝阳市,21,双塔区,211302
21,辽宁省,2113,朝阳市,21,龙城区,211303
21,辽宁省,2113,朝阳市,21,朝阳县,211321
21,辽宁省,2113,朝阳市,21,建平县,211322
21,辽宁省,2113,朝阳市,21,喀喇沁左翼蒙古族自治县,211324
21,辽宁省,2113,朝阳市,21,北票市,211381
21,辽宁省,2113,朝阳市,21,凌源市,211382
21,辽宁省,2114,葫芦岛市,21,连山区,211402
21,辽宁省,2114,葫芦岛市,21,龙港区,211403
21,辽宁省,2114,葫芦岛市,21,南票区,211404
21,辽宁省,2114,葫芦岛市,21,绥中县,211421
21,辽宁省,2114,葫芦岛市,21,建昌县,211422
21,辽宁省,2114,葫芦岛市,21,兴城市,211481
22,吉林省,2201,长春市,22,南关区,220102
22,吉林省,2201,长春市,22,宽城区,220103
22,吉林省,2201,长春市,22,朝阳区,220104
22,吉林省,2201,长春市,22,二道区,220105
22,吉林省,2201,长春市,22,绿园区,220106
22,吉林省,2201,长春市,22,双阳区,220112
22,吉林省,2201,长春市,22,九台区,220113
22,吉林省,2201,长春市,22,农安县,220122
22,吉林省,2201,长春市,22,长春经济技术开发区,220171
22,吉林省,2201,长春市,22,长春净月高新技术产业开发区,220172
22,吉林省,2201,长春市,22,长春高新技术产业开发区,220173
22,吉林省,2201,长春市,22,长春汽车经济技术开发区,220174
22,吉林省,2201,长春市,22,榆树市,220182
22,吉林省,2201,长春市,22,德惠市,220183
22,吉林省,2201,长春市,22,公主岭市,220184
22,吉林省,2202,吉林市,22,昌邑区,220202
22,吉林省,2202,吉林市,22,龙潭区,220203
22,吉林省,2202,吉林市,22,船营区,220204
22,吉林省,2202,吉林市,22,丰满区,220211
22,吉林省,2202,吉林市,22,永吉县,220221
22,吉林省,2202,吉林市,22,吉林经济开发区,220271
22,吉林省,2202,吉林市,22,吉林高新技术产业开发区,220272
22,吉林省,2202,吉林市,22,吉林中国新加坡食品区,220273
22,吉林省,2202,吉林市,22,蛟河市,220281
22,吉林省,2202,吉林市,22,桦甸市,220282
22,吉林省,2202,吉林市,22,舒兰市,220283
22,吉林省,2202,吉林市,22,磐石市,220284
22,吉林省,2203,四平市,22,铁西区,220302
22,吉林省,2203,四平市,22,铁东区,220303
22,吉林省,2203,四平市,22,梨树县,220322
22,吉林省,2203,四平市,22,伊通满族自治县,220323
22,吉林省,2203,四平市,22,双辽市,220382
22,吉林省,2204,辽源市,22,龙山区,220402
22,吉林省,2204,辽源市,22,西安区,220403
22,吉林省,2204,辽源市,22,东丰县,220421
22,吉林省,2204,辽源市,22,东辽县,220422
22,吉林省,2205,通化市,22,东昌区,220502
22,吉林省,2205,通化市,22,二道江区,220503
22,吉林省,2205,通化市,22,通化县,220521
22,吉林省,2205,通化市,22,辉南县,220523
22,吉林省,2205,通化市,22,柳河县,220524
22,吉林省,2205,通化市,22,梅河口市,220581
22,吉林省,2205,通化市,22,集安市,220582
22,吉林省,2206,白山市,22,浑江区,220602
22,吉林省,2206,白山市,22,江源区,220605
22,吉林省,2206,白山市,22,抚松县,220621
22,吉林省,2206,白山市,22,靖宇县,220622
22,吉林省,2206,白山市,22,长白朝鲜族自治县,220623
22,吉林省,2206,白山市,22,临江市,220681
22,吉林省,2207,松原市,22,宁江区,220702
22,吉林省,2207,松原市,22,前郭尔罗斯蒙古族自治县,220721
22,吉林省,2207,松原市,22,长岭县,220722
22,吉林省,2207,松原市,22,乾安县,220723
22,吉林省,2207,松原市,22,吉林松原经济开发区,220771
22,吉林省,2207,松原市,22,扶余市,220781
22,吉林省,2208,白城市,22,洮北区,220802
22,吉林省,2208,白城市,22,镇赉县,220821
22,吉林省,2208,白城市,22,通榆县,220822
22,吉林省,2208,白城市,22,吉林白城经济开发区,220871
22,吉林省,2208,白城市,22,洮南市,220881
22,吉林省,2208,白城市,22,大安市,220882
22,吉林省,2224,延边朝鲜族自治州,22,延吉市,222401
22,吉林省,2224,延边朝鲜族自治州,22,图们市,222402
22,吉林省,2224,延边朝鲜族自治州,22,敦化市,222403
22,吉林省,2224,延边朝鲜族自治州,22,珲春市,222404
22,吉林省,2224,延边朝鲜族自治州,22,龙井市,222405
22,吉林省,2224,延边朝鲜族自治州,22,和龙市,222406
22,吉林省,2224,延边朝鲜族自治州,22,汪清县,222424
22,吉林省,2224,延边朝鲜族自治州,22,安图县,222426
23,黑龙江省,2301,哈尔滨市,23,道里区,230102
23,黑龙江省,2301,哈尔滨市,23,南岗区,230103
23,黑龙江省,2301,哈尔滨市,23,道外区,230104
23,黑龙江省,2301,哈尔滨市,23,平房区,230108
23,黑龙江省,2301,哈尔滨市,23,松北区,230109
23,黑龙江省,2301,哈尔滨市,23,香坊区,230110
23,黑龙江省,2301,哈尔滨市,23,呼兰区,230111
23,黑龙江省,2301,哈尔滨市,23,阿城区,230112
23,黑龙江省,2301,哈尔滨市,23,双城区,230113
23,黑龙江省,2301,哈尔滨市,23,依兰县,230123
23,黑龙江省,2301,哈尔滨市,23,方正县,230124
23,黑龙江省,2301,哈尔滨市,23,宾县,230125
23,黑龙江省,2301,哈尔滨市,23,巴彦县,230126
23,黑龙江省,2301,哈尔滨市,23,木兰县,230127
23,黑龙江省,2301,哈尔滨市,23,通河县,230128
23,黑龙江省,2301,哈尔滨市,23,延寿县,230129
23,黑龙江省,2301,哈尔滨市,23,尚志市,230183
23,黑龙江省,2301,哈尔滨市,23,五常市,230184
23,黑龙江省,2302,齐齐哈尔市,23,龙沙区,230202
23,黑龙江省,2302,齐齐哈尔市,23,建华区,230203
23,黑龙江省,2302,齐齐哈尔市,23,铁锋区,230204
23,黑龙江省,2302,齐齐哈尔市,23,昂昂溪区,230205
23,黑龙江省,2302,齐齐哈尔市,23,富拉尔基区,230206
23,黑龙江省,2302,齐齐哈尔市,23,碾子山区,230207
23,黑龙江省,2302,齐齐哈尔市,23,梅里斯达斡尔族区,230208
23,黑龙江省,2302,齐齐哈尔市,23,龙江县,230221
23,黑龙江省,2302,齐齐哈尔市,23,依安县,230223
23,黑龙江省,2302,齐齐哈尔市,23,泰来县,230224
23,黑龙江省,2302,齐齐哈尔市,23,甘南县,230225
23,黑龙江省,2302,齐齐哈尔市,23,富裕县,230227
23,黑龙江省,2302,齐齐哈尔市,23,克山县,230229
23,黑龙江省,2302,齐齐哈尔市,23,克东县,230230
23,黑龙江省,2302,齐齐哈尔市,23,拜泉县,230231
23,黑龙江省,2302,齐齐哈尔市,23,讷河市,230281
23,黑龙江省,2303,鸡西市,23,鸡冠区,230302
23,黑龙江省,2303,鸡西市,23,恒山区,230303
23,黑龙江省,2303,鸡西市,23,滴道区,230304
23,黑龙江省,2303,鸡西市,23,梨树区,230305
23,黑龙江省,2303,鸡西市,23,城子河区,230306
23,黑龙江省,2303,鸡西市,23,麻山区,230307
23,黑龙江省,2303,鸡西市,23,鸡东县,230321
23,黑龙江省,2303,鸡西市,23,虎林市,230381
23,黑龙江省,2303,鸡西市,23,密山市,230382
23,黑龙江省,2304,鹤岗市,23,向阳区,230402
23,黑龙江省,2304,鹤岗市,23,工农区,230403
23,黑龙江省,2304,鹤岗市,23,南山区,230404
23,黑龙江省,2304,鹤岗市,23,兴安区,230405
23,黑龙江省,2304,鹤岗市,23,东山区,230406
23,黑龙江省,2304,鹤岗市,23,兴山区,230407
23,黑龙江省,2304,鹤岗市,23,萝北县,230421
23,黑龙江省,2304,鹤岗市,23,绥滨县,230422
23,黑龙江省,2305,双鸭山市,23,尖山区,230502
23,黑龙江省,2305,双鸭山市,23,岭东区,230503
23,黑龙江省,2305,双鸭山市,23,四方台区,230505
23,黑龙江省,2305,双鸭山市,23,宝山区,230506
23,黑龙江省,2305,双鸭山市,23,集贤县,230521
23,黑龙江省,2305,双鸭山市,23,友谊县,230522
23,黑龙江省,2305,双鸭山市,23,宝清县,230523
23,黑龙江省,2305,双鸭山市,23,饶河县,230524
23,黑龙江省,2306,大庆市,23,萨尔图区,230602
23,黑龙江省,2306,大庆市,23,龙凤区,230603
23,黑龙江省,2306,大庆市,23,让胡路区,230604
23,黑龙江省,2306,大庆市,23,红岗区,230605
23,黑龙江省,2306,大庆市,23,大同区,230606
23,黑龙江省,2306,大庆市,23,肇州县,230621
23,黑龙江省,2306,大庆市,23,肇源县,230622
23,黑龙江省,2306,大庆市,23,林甸县,230623
23,黑龙江省,2306,大庆市,23,杜尔伯特蒙古族自治县,230624
23,黑龙江省,2306,大庆市,23,大庆高新技术产业开发区,230671
23,黑龙江省,2307,伊春市,23,伊美区,230717
23,黑龙江省,2307,伊春市,23,乌翠区,230718
23,黑龙江省,2307,伊春市,23,友好区,230719
23,黑龙江省,2307,伊春市,23,嘉荫县,230722
23,黑龙江省,2307,伊春市,23,汤旺县,230723
23,黑龙江省,2307,伊春市,23,丰林县,230724
23,黑龙江省,2307,伊春市,23,大箐山县,230725
23,黑龙江省,2307,伊春市,23,南岔县,230726
23,黑龙江省,2307,伊春市,23,金林区,230751
23,黑龙江省,2307,伊春市,23,铁力市,230781
23,黑龙江省,2308,佳木斯市,23,向阳区,230803
23,黑龙江省,2308,佳木斯市,23,前进区,230804
23,黑龙江省,2308,佳木斯市,23,东风区,230805
23,黑龙江省,2308,佳木斯市,23,郊区,230811
23,黑龙江省,2308,佳木斯市,23,桦南县,230822
23,黑龙江省,2308,佳木斯市,23,桦川县,230826
23,黑龙江省,2308,佳木斯市,23,汤原县,230828
23,黑龙江省,2308,佳木斯市,23,同江市,230881
23,黑龙江省,2308,佳木斯市,23,富锦市,230882
23,黑龙江省,2308,佳木斯市,23,抚远市,230883
23,黑龙江省,2309,七台河市,23,新兴区,230902
23,黑龙江省,2309,七台河市,23,桃山区,230903
23,黑龙江省,2309,七台河市,23,茄子河区,230904
23,黑龙江省,2309,七台河市,23,勃利县,230921
23,黑龙江省,2310,牡丹江市,23,东安区,231002
23,黑龙江省,2310,牡丹江市,23,阳明区,231003
23,黑龙江省,2310,牡丹江市,23,爱民区,231004
23,黑龙江省,2310,牡丹江市,23,西安区,231005
23,黑龙江省,2310,牡丹江市,23,林口县,231025
23,黑龙江省,2310,牡丹江市,23,牡丹江经济技术开发区,231071
23,黑龙江省,2310,牡丹江市,23,绥芬河市,231081
23,黑龙江省,2310,牡丹江市,23,海林市,231083
23,黑龙江省,2310,牡丹江市,23,宁安市,231084
23,黑龙江省,2310,牡丹江市,23,穆棱市,231085
23,黑龙江省,2310,牡丹江市,23,东宁市,231086
23,黑龙江省,2311,黑河市,23,爱辉区,231102
23,黑龙江省,2311,黑河市,23,逊克县,231123
23,黑龙江省,2311,黑河市,23,孙吴县,231124
23,黑龙江省,2311,黑河市,23,北安市,231181
23,黑龙江省,2311,黑河市,23,五大连池市,231182
23,黑龙江省,2311,黑河市,23,嫩江市,231183
23,黑龙江省,2312,绥化市,23,北林区,231202
23,黑龙江省,2312,绥化市,23,望奎县,231221
23,黑龙江省,2312,绥化市,23,兰西县,231222
23,黑龙江省,2312,绥化市,23,青冈县,231223
23,黑龙江省,2312,绥化市,23,庆安县,231224
23,黑龙江省,2312,绥化市,23,明水县,231225
23,黑龙江省,2312,绥化市,23,绥棱县,231226
23,黑龙江省,2312,绥化市,23,安达市,231281
23,黑龙江省,2312,绥化市,23,肇东市,231282
23,黑龙江省,2312,绥化市,23,海伦市,231283
23,黑龙江省,2327,大兴安岭地区,23,漠河市,232701
23,黑龙江省,2327,大兴安岭地区,23,呼玛县,232721
23,黑龙江省,2327,大兴安岭地区,23,塔河县,232722
23,黑龙江省,2327,大兴安岭地区,23,加格达奇区,232761
23,黑龙江省,2327,大兴安岭地区,23,松岭区,232762
23,黑龙江省,2327,大兴安岭地区,23,新林区,232763
23,黑龙江省,2327,大兴安岭地区,23,呼中区,232764
31,上海市,3101,市辖区,31,黄浦区,310101
31,上海市,3101,市辖区,31,徐汇区,310104
31,上海市,3101,市辖区,31,长宁区,310105
31,上海市,3101,市辖区,31,静安区,310106
31,上海市,3101,市辖区,31,普陀区,310107
31,上海市,3101,市辖区,31,虹口区,310109
31,上海市,3101,市辖区,31,杨浦区,310110
31,上海市,3101,市辖区,31,闵行区,310112
31,上海市,3101,市辖区,31,宝山区,310113
31,上海市,3101,市辖区,31,嘉定区,310114
31,上海市,3101,市辖区,31,浦东新区,310115
31,上海市,3101,市辖区,31,金山区,310116
31,上海市,3101,市辖区,31,松江区,310117
31,上海市,3101,市辖区,31,青浦区,310118
31,上海市,3101,市辖区,31,奉贤区,310120
31,上海市,3101,市辖区,31,崇明区,310151
32,江苏省,3201,南京市,32,玄武区,320102
32,江苏省,3201,南京市,32,秦淮区,320104
32,江苏省,3201,南京市,32,建邺区,320105
32,江苏省,3201,南京市,32,鼓楼区,320106
32,江苏省,3201,南京市,32,浦口区,320111
32,江苏省,3201,南京市,32,栖霞区,320113
32,江苏省,3201,南京市,32,雨花台区,320114
32,江苏省,3201,南京市,32,江宁区,320115
32,江苏省,3201,南京市,32,六合区,320116
32,江苏省,3201,南京市,32,溧水区,320117
32,江苏省,3201,南京市,32,高淳区,320118
32,江苏省,3202,无锡市,32,锡山区,320205
32,江苏省,3202,无锡市,32,惠山区,320206
32,江苏省,3202,无锡市,32,滨湖区,320211
32,江苏省,3202,无锡市,32,梁溪区,320213
32,江苏省,3202,无锡市,32,新吴区,320214
32,江苏省,3202,无锡市,32,江阴市,320281
32,江苏省,3202,无锡市,32,宜兴市,320282
32,江苏省,3203,徐州市,32,鼓楼区,320302
32,江苏省,3203,徐州市,32,云龙区,320303
32,江苏省,3203,徐州市,32,贾汪区,320305
32,江苏省,3203,徐州市,32,泉山区,320311
32,江苏省,3203,徐州市,32,铜山区,320312
32,江苏省,3203,徐州市,32,丰县,320321
32,江苏省,3203,徐州市,32,沛县,320322
32,江苏省,3203,徐州市,32,睢宁县,320324
32,江苏省,3203,徐州市,32,徐州经济技术开发区,320371
32,江苏省,3203,徐州市,32,新沂市,320381
32,江苏省,3203,徐州市,32,邳州市,320382
32,江苏省,3204,常州市,32,天宁区,320402
32,江苏省,3204,常州市,32,钟楼区,320404
32,江苏省,3204,常州市,32,新北区,320411
32,江苏省,3204,常州市,32,武进区,320412
32,江苏省,3204,常州市,32,金坛区,320413
32,江苏省,3204,常州市,32,溧阳市,320481
32,江苏省,3205,苏州市,32,虎丘区,320505
32,江苏省,3205,苏州市,32,吴中区,320506
32,江苏省,3205,苏州市,32,相城区,320507
32,江苏省,3205,苏州市,32,姑苏区,320508
32,江苏省,3205,苏州市,32,吴江区,320509
32,江苏省,3205,苏州市,32,苏州工业园区,320571
32,江苏省,3205,苏州市,32,常熟市,320581
32,江苏省,3205,苏州市,32,张家港市,320582
32,江苏省,3205,苏州市,32,昆山市,320583
32,江苏省,3205,苏州市,32,太仓市,320585
32,江苏省,3206,南通市,32,崇川区,320602
32,江苏省,3206,南通市,32,港闸区,320611
32,江苏省,3206,南通市,32,通州区,320612
32,江苏省,3206,南通市,32,如东县,320623
32,江苏省,3206,南通市,32,南通经济技术开发区,320671
32,江苏省,3206,南通市,32,启东市,320681
32,江苏省,3206,南通市,32,如皋市,320682
32,江苏省,3206,南通市,32,海门市,320684
32,江苏省,3206,南通市,32,海安市,320685
32,江苏省,3207,连云港市,32,连云区,320703
32,江苏省,3207,连云港市,32,海州区,320706
32,江苏省,3207,连云港市,32,赣榆区,320707
32,江苏省,3207,连云港市,32,东海县,320722
32,江苏省,3207,连云港市,32,灌云县,320723
32,江苏省,3207,连云港市,32,灌南县,320724
32,江苏省,3207,连云港市,32,连云港经济技术开发区,320771
32,江苏省,3207,连云港市,32,连云港高新技术产业开发区,320772
32,江苏省,3208,淮安市,32,淮安区,320803
32,江苏省,3208,淮安市,32,淮阴区,320804
32,江苏省,3208,淮安市,32,清江浦区,320812
32,江苏省,3208,淮安市,32,洪泽区,320813
32,江苏省,3208,淮安市,32,涟水县,320826
32,江苏省,3208,淮安市,32,盱眙县,320830
32,江苏省,3208,淮安市,32,金湖县,320831
32,江苏省,3208,淮安市,32,淮安经济技术开发区,320871
32,江苏省,3209,盐城市,32,亭湖区,320902
32,江苏省,3209,盐城市,32,盐都区,320903
32,江苏省,3209,盐城市,32,大丰区,320904
32,江苏省,3209,盐城市,32,响水县,320921
32,江苏省,3209,盐城市,32,滨海县,320922
32,江苏省,3209,盐城市,32,阜宁县,320923
32,江苏省,3209,盐城市,32,射阳县,320924
32,江苏省,3209,盐城市,32,建湖县,320925
32,江苏省,3209,盐城市,32,盐城经济技术开发区,320971
32,江苏省,3209,盐城市,32,东台市,320981
32,江苏省,3210,扬州市,32,广陵区,321002
32,江苏省,3210,扬州市,32,邗江区,321003
32,江苏省,3210,扬州市,32,江都区,321012
32,江苏省,3210,扬州市,32,宝应县,321023
32,江苏省,3210,扬州市,32,扬州经济技术开发区,321071
32,江苏省,3210,扬州市,32,仪征市,321081
32,江苏省,3210,扬州市,32,高邮市,321084
32,江苏省,3211,镇江市,32,京口区,321102
32,江苏省,3211,镇江市,32,润州区,321111
32,江苏省,3211,镇江市,32,丹徒区,321112
32,江苏省,3211,镇江市,32,镇江新区,321171
32,江苏省,3211,镇江市,32,丹阳市,321181
32,江苏省,3211,镇江市,32,扬中市,321182
32,江苏省,3211,镇江市,32,句容市,321183
32,江苏省,3212,泰州市,32,海陵区,321202
32,江苏省,3212,泰州市,32,高港区,321203
32,江苏省,3212,泰州市,32,姜堰区,321204
32,江苏省,3212,泰州市,32,泰州医药高新技术产业开发区,321271
32,江苏省,3212,泰州市,32,兴化市,321281
32,江苏省,3212,泰州市,32,靖江市,321282
32,江苏省,3212,泰州市,32,泰兴市,321283
32,江苏省,3213,宿迁市,32,宿城区,321302
32,江苏省,3213,宿迁市,32,宿豫区,321311
32,江苏省,3213,宿迁市,32,沭阳县,321322
32,江苏省,3213,宿迁市,32,泗阳县,321323
32,江苏省,3213,宿迁市,32,泗洪县,321324
32,江苏省,3213,宿迁市,32,宿迁经济技术开发区,321371
33,浙江省,3301,杭州市,33,上城区,330102
33,浙江省,3301,杭州市,33,下城区,330103
33,浙江省,3301,杭州市,33,江干区,330104
33,浙江省,3301,杭州市,33,拱墅区,330105
33,浙江省,3301,杭州市,33,西湖区,330106
33,浙江省,3301,杭州市,33,滨江区,330108
33,浙江省,3301,杭州市,33,萧山区,330109
33,浙江省,3301,杭州市,33,余杭区,330110
33,浙江省,3301,杭州市,33,富阳区,330111
33,浙江省,3301,杭州市,33,临安区,330112
33,浙江省,3301,杭州市,33,桐庐县,330122
33,浙江省,3301,杭州市,33,淳安县,330127
33,浙江省,3301,杭州市,33,建德市,330182
33,浙江省,3302,宁波市,33,海曙区,330203
33,浙江省,3302,宁波市,33,江北区,330205
33,浙江省,3302,宁波市,33,北仑区,330206
33,浙江省,3302,宁波市,33,镇海区,330211
33,浙江省,3302,宁波市,33,鄞州区,330212
33,浙江省,3302,宁波市,33,奉化区,330213
33,浙江省,3302,宁波市,33,象山县,330225
33,浙江省,3302,宁波市,33,宁海县,330226
33,浙江省,3302,宁波市,33,余姚市,330281
33,浙江省,3302,宁波市,33,慈溪市,330282
33,浙江省,3303,温州市,33,鹿城区,330302
33,浙江省,3303,温州市,33,龙湾区,330303
33,浙江省,3303,温州市,33,瓯海区,330304
33,浙江省,3303,温州市,33,洞头区,330305
33,浙江省,3303,温州市,33,永嘉县,330324
33,浙江省,3303,温州市,33,平阳县,330326
33,浙江省,3303,温州市,33,苍南县,330327
33,浙江省,3303,温州市,33,文成县,330328
33,浙江省,3303,温州市,33,泰顺县,330329
33,浙江省,3303,温州市,33,温州经济技术开发区,330371
33,浙江省,3303,温州市,33,瑞安市,330381
33,浙江省,3303,温州市,33,乐清市,330382
33,浙江省,3303,温州市,33,龙港市,330383
33,浙江省,3304,嘉兴市,33,南湖区,330402
33,浙江省,3304,嘉兴市,33,秀洲区,330411
33,浙江省,3304,嘉兴市,33,嘉善县,330421
33,浙江省,3304,嘉兴市,33,海盐县,330424
33,浙江省,3304,嘉兴市,33,海宁市,330481
33,浙江省,3304,嘉兴市,33,平湖市,330482
33,浙江省,3304,嘉兴市,33,桐乡市,330483
33,浙江省,3305,湖州市,33,吴兴区,330502
33,浙江省,3305,湖州市,33,南浔区,330503
33,浙江省,3305,湖州市,33,德清县,330521
33,浙江省,3305,湖州市,33,长兴县,330522
33,浙江省,3305,湖州市,33,安吉县,330523
33,浙江省,3306,绍兴市,33,越城区,330602
33,浙江省,3306,绍兴市,33,柯桥区,330603
33,浙江省,3306,绍兴市,33,上虞区,330604
33,浙江省,3306,绍兴市,33,新昌县,330624
33,浙江省,3306,绍兴市,33,诸暨市,330681
33,浙江省,3306,绍兴市,33,嵊州市,330683
33,浙江省,3307,金华市,33,婺城区,330702
33,浙江省,3307,金华市,33,金东区,330703
33,浙江省,3307,金华市,33,武义县,330723
33,浙江省,3307,金华市,33,浦江县,330726
33,浙江省,3307,金华市,33,磐安县,330727
33,浙江省,3307,金华市,33,兰溪市,330781
33,浙江省,3307,金华市,33,义乌市,330782
33,浙江省,3307,金华市,33,东阳市,330783
33,浙江省,3307,金华市,33,永康市,330784
33,浙江省,3308,衢州市,33,柯城区,330802
33,浙江省,3308,衢州市,33,衢江区,330803
33,浙江省,3308,衢州市,33,常山县,330822
33,浙江省,3308,衢州市,33,开化县,330824
33,浙江省,3308,衢州市,33,龙游县,330825
33,浙江省,3308,衢州市,33,江山市,330881
33,浙江省,3309,舟山市,33,定海区,330902
33,浙江省,3309,舟山市,33,普陀区,330903
33,浙江省,3309,舟山市,33,岱山县,330921
33,浙江省,3309,舟山市,33,嵊泗县,330922
33,浙江省,3310,台州市,33,椒江区,331002
33,浙江省,3310,台州市,33,黄岩区,331003
33,浙江省,3310,台州市,33,路桥区,331004
33,浙江省,3310,台州市,33,三门县,331022
33,浙江省,3310,台州市,33,天台县,331023
33,浙江省,3310,台州市,33,仙居县,331024
33,浙江省,3310,台州市,33,温岭市,331081
33,浙江省,3310,台州市,33,临海市,331082
33,浙江省,3310,台州市,33,玉环市,331083
33,浙江省,3311,丽水市,33,莲都区,331102
33,浙江省,3311,丽水市,33,青田县,331121
33,浙江省,3311,丽水市,33,缙云县,331122
33,浙江省,3311,丽水市,33,遂昌县,331123
33,浙江省,3311,丽水市,33,松阳县,331124
33,浙江省,3311,丽水市,33,云和县,331125
33,浙江省,3311,丽水市,33,庆元县,331126
33,浙江省,3311,丽水市,33,景宁畲族自治县,331127
33,浙江省,3311,丽水市,33,龙泉市,331181
34,安徽省,3401,合肥市,34,瑶海区,340102
34,安徽省,3401,合肥市,34,庐阳区,340103
34,安徽省,3401,合肥市,34,蜀山区,340104
34,安徽省,3401,合肥市,34,包河区,340111
34,安徽省,3401,合肥市,34,长丰县,340121
34,安徽省,3401,合肥市,34,肥东县,340122
34,安徽省,3401,合肥市,34,肥西县,340123
34,安徽省,3401,合肥市,34,庐江县,340124
34,安徽省,3401,合肥市,34,合肥高新技术产业开发区,340171
34,安徽省,3401,合肥市,34,合肥经济技术开发区,340172
34,安徽省,3401,合肥市,34,合肥新站高新技术产业开发区,340173
34,安徽省,3401,合肥市,34,巢湖市,340181
34,安徽省,3402,芜湖市,34,镜湖区,340202
34,安徽省,3402,芜湖市,34,弋江区,340203
34,安徽省,3402,芜湖市,34,鸠江区,340207
34,安徽省,3402,芜湖市,34,三山区,340208
34,安徽省,3402,芜湖市,34,芜湖县,340221
34,安徽省,3402,芜湖市,34,繁昌县,340222
34,安徽省,3402,芜湖市,34,南陵县,340223
34,安徽省,3402,芜湖市,34,芜湖经济技术开发区,340271
34,安徽省,3402,芜湖市,34,安徽芜湖长江大桥经济开发区,340272
34,安徽省,3402,芜湖市,34,无为市,340281
34,安徽省,3403,蚌埠市,34,龙子湖区,340302
34,安徽省,3403,蚌埠市,34,蚌山区,340303
34,安徽省,3403,蚌埠市,34,禹会区,340304
34,安徽省,3403,蚌埠市,34,淮上区,340311
34,安徽省,3403,蚌埠市,34,怀远县,340321
34,安徽省,3403,蚌埠市,34,五河县,340322
34,安徽省,3403,蚌埠市,34,固镇县,340323
34,安徽省,3403,蚌埠市,34,蚌埠市高新技术开发区,340371
34,安徽省,3403,蚌埠市,34,蚌埠市经济开发区,340372
34,安徽省,3404,淮南市,34,大通区,340402
34,安徽省,3404,淮南市,34,田家庵区,340403
34,安徽省,3404,淮南市,34,谢家集区,340404
34,安徽省,3404,淮南市,34,八公山区,340405
34,安徽省,3404,淮南市,34,潘集区,340406
34,安徽省,3404,淮南市,34,凤台县,340421
34,安徽省,3404,淮南市,34,寿县,340422
34,安徽省,3405,马鞍山市,34,花山区,340503
34,安徽省,3405,马鞍山市,34,雨山区,340504
34,安徽省,3405,马鞍山市,34,博望区,340506
34,安徽省,3405,马鞍山市,34,当涂县,340521
34,安徽省,3405,马鞍山市,34,含山县,340522
34,安徽省,3405,马鞍山市,34,和县,340523
34,安徽省,3406,淮北市,34,杜集区,340602
34,安徽省,3406,淮北市,34,相山区,340603
34,安徽省,3406,淮北市,34,烈山区,340604
34,安徽省,3406,淮北市,34,濉溪县,340621
34,安徽省,3407,铜陵市,34,铜官区,340705
34,安徽省,3407,铜陵市,34,义安区,340706
34,安徽省,3407,铜陵市,34,郊区,340711
34,安徽省,3407,铜陵市,34,枞阳县,340722
34,安徽省,3408,安庆市,34,迎江区,340802
34,安徽省,3408,安庆市,34,大观区,340803
34,安徽省,3408,安庆市,34,宜秀区,340811
34,安徽省,3408,安庆市,34,怀宁县,340822
34,安徽省,3408,安庆市,34,太湖县,340825
34,安徽省,3408,安庆市,34,宿松县,340826
34,安徽省,3408,安庆市,34,望江县,340827
34,安徽省,3408,安庆市,34,岳西县,340828
34,安徽省,3408,安庆市,34,安徽安庆经济开发区,340871
34,安徽省,3408,安庆市,34,桐城市,340881
34,安徽省,3408,安庆市,34,潜山市,340882
34,安徽省,3410,黄山市,34,屯溪区,341002
34,安徽省,3410,黄山市,34,黄山区,341003
34,安徽省,3410,黄山市,34,徽州区,341004
34,安徽省,3410,黄山市,34,歙县,341021
34,安徽省,3410,黄山市,34,休宁县,341022
34,安徽省,3410,黄山市,34,黟县,341023
34,安徽省,3410,黄山市,34,祁门县,341024
34,安徽省,3411,滁州市,34,琅琊区,341102
34,安徽省,3411,滁州市,34,南谯区,341103
34,安徽省,3411,滁州市,34,来安县,341122
34,安徽省,3411,滁州市,34,全椒县,341124
34,安徽省,3411,滁州市,34,定远县,341125
34,安徽省,3411,滁州市,34,凤阳县,341126
34,安徽省,3411,滁州市,34,苏滁现代产业园,341171
34,安徽省,3411,滁州市,34,滁州经济技术开发区,341172
34,安徽省,3411,滁州市,34,天长市,341181
34,安徽省,3411,滁州市,34,明光市,341182
34,安徽省,3412,阜阳市,34,颍州区,341202
34,安徽省,3412,阜阳市,34,颍东区,341203
34,安徽省,3412,阜阳市,34,颍泉区,341204
34,安徽省,3412,阜阳市,34,临泉县,341221
34,安徽省,3412,阜阳市,34,太和县,341222
34,安徽省,3412,阜阳市,34,阜南县,341225
34,安徽省,3412,阜阳市,34,颍上县,341226
34,安徽省,3412,阜阳市,34,阜阳合肥现代产业园区,341271
34,安徽省,3412,阜阳市,34,阜阳经济技术开发区,341272
34,安徽省,3412,阜阳市,34,界首市,341282
34,安徽省,3413,宿州市,34,埇桥区,341302
34,安徽省,3413,宿州市,34,砀山县,341321
34,安徽省,3413,宿州市,34,萧县,341322
34,安徽省,3413,宿州市,34,灵璧县,341323
34,安徽省,3413,宿州市,34,泗县,341324
34,安徽省,3413,宿州市,34,宿州马鞍山现代产业园区,341371
34,安徽省,3413,宿州市,34,宿州经济技术开发区,341372
34,安徽省,3415,六安市,34,金安区,341502
34,安徽省,3415,六安市,34,裕安区,341503
34,安徽省,3415,六安市,34,叶集区,341504
34,安徽省,3415,六安市,34,霍邱县,341522
34,安徽省,3415,六安市,34,舒城县,341523
34,安徽省,3415,六安市,34,金寨县,341524
34,安徽省,3415,六安市,34,霍山县,341525
34,安徽省,3416,亳州市,34,谯城区,341602
34,安徽省,3416,亳州市,34,涡阳县,341621
34,安徽省,3416,亳州市,34,蒙城县,341622
34,安徽省,3416,亳州市,34,利辛县,341623
34,安徽省,3417,池州市,34,贵池区,341702
34,安徽省,3417,池州市,34,东至县,341721
34,安徽省,3417,池州市,34,石台县,341722
34,安徽省,3417,池州市,34,青阳县,341723
34,安徽省,3418,宣城市,34,宣州区,341802
34,安徽省,3418,宣城市,34,郎溪县,341821
34,安徽省,3418,宣城市,34,泾县,341823
34,安徽省,3418,宣城市,34,绩溪县,341824
34,安徽省,3418,宣城市,34,旌德县,341825
34,安徽省,3418,宣城市,34,宣城市经济开发区,341871
34,安徽省,3418,宣城市,34,宁国市,341881
34,安徽省,3418,宣城市,34,广德市,341882
35,福建省,3501,福州市,35,鼓楼区,350102
35,福建省,3501,福州市,35,台江区,350103
35,福建省,3501,福州市,35,仓山区,350104
35,福建省,3501,福州市,35,马尾区,350105
35,福建省,3501,福州市,35,晋安区,350111
35,福建省,3501,福州市,35,长乐区,350112
35,福建省,3501,福州市,35,闽侯县,350121
35,福建省,3501,福州市,35,连江县,350122
35,福建省,3501,福州市,35,罗源县,350123
35,福建省,3501,福州市,35,闽清县,350124
35,福建省,3501,福州市,35,永泰县,350125
35,福建省,3501,福州市,35,平潭县,350128
35,福建省,3501,福州市,35,福清市,350181
35,福建省,3502,厦门市,35,思明区,350203
35,福建省,3502,厦门市,35,海沧区,350205
35,福建省,3502,厦门市,35,湖里区,350206
35,福建省,3502,厦门市,35,集美区,350211
35,福建省,3502,厦门市,35,同安区,350212
35,福建省,3502,厦门市,35,翔安区,350213
35,福建省,3503,莆田市,35,城厢区,350302
35,福建省,3503,莆田市,35,涵江区,350303
35,福建省,3503,莆田市,35,荔城区,350304
35,福建省,3503,莆田市,35,秀屿区,350305
35,福建省,3503,莆田市,35,仙游县,350322
35,福建省,3504,三明市,35,梅列区,350402
35,福建省,3504,三明市,35,三元区,350403
35,福建省,3504,三明市,35,明溪县,350421
35,福建省,3504,三明市,35,清流县,350423
35,福建省,3504,三明市,35,宁化县,350424
35,福建省,3504,三明市,35,大田县,350425
35,福建省,3504,三明市,35,尤溪县,350426
35,福建省,3504,三明市,35,沙县,350427
35,福建省,3504,三明市,35,将乐县,350428
35,福建省,3504,三明市,35,泰宁县,350429
35,福建省,3504,三明市,35,建宁县,350430
35,福建省,3504,三明市,35,永安市,350481
35,福建省,3505,泉州市,35,鲤城区,350502
35,福建省,3505,泉州市,35,丰泽区,350503
35,福建省,3505,泉州市,35,洛江区,350504
35,福建省,3505,泉州市,35,泉港区,350505
35,福建省,3505,泉州市,35,惠安县,350521
35,福建省,3505,泉州市,35,安溪县,350524
35,福建省,3505,泉州市,35,永春县,350525
35,福建省,3505,泉州市,35,德化县,350526
35,福建省,3505,泉州市,35,金门县,350527
35,福建省,3505,泉州市,35,石狮市,350581
35,福建省,3505,泉州市,35,晋江市,350582
35,福建省,3505,泉州市,35,南安市,350583
35,福建省,3506,漳州市,35,芗城区,350602
35,福建省,3506,漳州市,35,龙文区,350603
35,福建省,3506,漳州市,35,云霄县,350622
35,福建省,3506,漳州市,35,漳浦县,350623
35,福建省,3506,漳州市,35,诏安县,350624
35,福建省,3506,漳州市,35,长泰县,350625
35,福建省,3506,漳州市,35,东山县,350626
35,福建省,3506,漳州市,35,南靖县,350627
35,福建省,3506,漳州市,35,平和县,350628
35,福建省,3506,漳州市,35,华安县,350629
35,福建省,3506,漳州市,35,龙海市,350681
35,福建省,3507,南平市,35,延平区,350702
35,福建省,3507,南平市,35,建阳区,350703
35,福建省,3507,南平市,35,顺昌县,350721
35,福建省,3507,南平市,35,浦城县,350722
35,福建省,3507,南平市,35,光泽县,350723
35,福建省,3507,南平市,35,松溪县,350724
35,福建省,3507,南平市,35,政和县,350725
35,福建省,3507,南平市,35,邵武市,350781
35,福建省,3507,南平市,35,武夷山市,350782
35,福建省,3507,南平市,35,建瓯市,350783
35,福建省,3508,龙岩市,35,新罗区,350802
35,福建省,3508,龙岩市,35,永定区,350803
35,福建省,3508,龙岩市,35,长汀县,350821
35,福建省,3508,龙岩市,35,上杭县,350823
35,福建省,3508,龙岩市,35,武平县,350824
35,福建省,3508,龙岩市,35,连城县,350825
35,福建省,3508,龙岩市,35,漳平市,350881
35,福建省,3509,宁德市,35,蕉城区,350902
35,福建省,3509,宁德市,35,霞浦县,350921
35,福建省,3509,宁德市,35,古田县,350922
35,福建省,3509,宁德市,35,屏南县,350923
35,福建省,3509,宁德市,35,寿宁县,350924
35,福建省,3509,宁德市,35,周宁县,350925
35,福建省,3509,宁德市,35,柘荣县,350926
35,福建省,3509,宁德市,35,福安市,350981
35,福建省,3509,宁德市,35,福鼎市,350982
36,江西省,3601,南昌市,36,东湖区,360102
36,江西省,3601,南昌市,36,西湖区,360103
36,江西省,3601,南昌市,36,青云谱区,360104
36,江西省,3601,南昌市,36,青山湖区,360111
36,江西省,3601,南昌市,36,新建区,360112
36,江西省,3601,南昌市,36,红谷滩区,360113
36,江西省,3601,南昌市,36,南昌县,360121
36,江西省,3601,南昌市,36,安义县,360123
36,江西省,3601,南昌市,36,进贤县,360124
36,江西省,3602,景德镇市,36,昌江区,360202
36,江西省,3602,景德镇市,36,珠山区,360203
36,江西省,3602,景德镇市,36,浮梁县,360222
36,江西省,3602,景德镇市,36,乐平市,360281
36,江西省,3603,萍乡市,36,安源区,360302
36,江西省,3603,萍乡市,36,湘东区,360313
36,江西省,3603,萍乡市,36,莲花县,360321
36,江西省,3603,萍乡市,36,上栗县,360322
36,江西省,3603,萍乡市,36,芦溪县,360323
36,江西省,3604,九江市,36,濂溪区,360402
36,江西省,3604,九江市,36,浔阳区,360403
36,江西省,3604,九江市,36,柴桑区,360404
36,江西省,3604,九江市,36,武宁县,360423
36,江西省,3604,九江市,36,修水县,360424
36,江西省,3604,九江市,36,永修县,360425
36,江西省,3604,九江市,36,德安县,360426
36,江西省,3604,九江市,36,都昌县,360428
36,江西省,3604,九江市,36,湖口县,360429
36,江西省,3604,九江市,36,彭泽县,360430
36,江西省,3604,九江市,36,瑞昌市,360481
36,江西省,3604,九江市,36,共青城市,360482
36,江西省,3604,九江市,36,庐山市,360483
36,江西省,3605,新余市,36,渝水区,360502
36,江西省,3605,新余市,36,分宜县,360521
36,江西省,3606,鹰潭市,36,月湖区,360602
36,江西省,3606,鹰潭市,36,余江区,360603
36,江西省,3606,鹰潭市,36,贵溪市,360681
36,江西省,3607,赣州市,36,章贡区,360702
36,江西省,3607,赣州市,36,南康区,360703
36,江西省,3607,赣州市,36,赣县区,360704
36,江西省,3607,赣州市,36,信丰县,360722
36,江西省,3607,赣州市,36,大余县,360723
36,江西省,3607,赣州市,36,上犹县,360724
36,江西省,3607,赣州市,36,崇义县,360725
36,江西省,3607,赣州市,36,安远县,360726
36,江西省,3607,赣州市,36,定南县,360728
36,江西省,3607,赣州市,36,全南县,360729
36,江西省,3607,赣州市,36,宁都县,360730
36,江西省,3607,赣州市,36,于都县,360731
36,江西省,3607,赣州市,36,兴国县,360732
36,江西省,3607,赣州市,36,会昌县,360733
36,江西省,3607,赣州市,36,寻乌县,360734
36,江西省,3607,赣州市,36,石城县,360735
36,江西省,3607,赣州市,36,瑞金市,360781
36,江西省,3607,赣州市,36,龙南市,360783
36,江西省,3608,吉安市,36,吉州区,360802
36,江西省,3608,吉安市,36,青原区,360803
36,江西省,3608,吉安市,36,吉安县,360821
36,江西省,3608,吉安市,36,吉水县,360822
36,江西省,3608,吉安市,36,峡江县,360823
36,江西省,3608,吉安市,36,新干县,360824
36,江西省,3608,吉安市,36,永丰县,360825
36,江西省,3608,吉安市,36,泰和县,360826
36,江西省,3608,吉安市,36,遂川县,360827
36,江西省,3608,吉安市,36,万安县,360828
36,江西省,3608,吉安市,36,安福县,360829
36,江西省,3608,吉安市,36,永新县,360830
36,江西省,3608,吉安市,36,井冈山市,360881
36,江西省,3609,宜春市,36,袁州区,360902
36,江西省,3609,宜春市,36,奉新县,360921
36,江西省,3609,宜春市,36,万载县,360922
36,江西省,3609,宜春市,36,上高县,360923
36,江西省,3609,宜春市,36,宜丰县,360924
36,江西省,3609,宜春市,36,靖安县,360925
36,江西省,3609,宜春市,36,铜鼓县,360926
36,江西省,3609,宜春市,36,丰城市,360981
36,江西省,3609,宜春市,36,樟树市,360982
36,江西省,3609,宜春市,36,高安市,360983
36,江西省,3610,抚州市,36,临川区,361002
36,江西省,3610,抚州市,36,东乡区,361003
36,江西省,3610,抚州市,36,南城县,361021
36,江西省,3610,抚州市,36,黎川县,361022
36,江西省,3610,抚州市,36,南丰县,361023
36,江西省,3610,抚州市,36,崇仁县,361024
36,江西省,3610,抚州市,36,乐安县,361025
36,江西省,3610,抚州市,36,宜黄县,361026
36,江西省,3610,抚州市,36,金溪县,361027
36,江西省,3610,抚州市,36,资溪县,361028
36,江西省,3610,抚州市,36,广昌县,361030
36,江西省,3611,上饶市,36,信州区,361102
36,江西省,3611,上饶市,36,广丰区,361103
36,江西省,3611,上饶市,36,广信区,361104
36,江西省,3611,上饶市,36,玉山县,361123
36,江西省,3611,上饶市,36,铅山县,361124
36,江西省,3611,上饶市,36,横峰县,361125
36,江西省,3611,上饶市,36,弋阳县,361126
36,江西省,3611,上饶市,36,余干县,361127
36,江西省,3611,上饶市,36,鄱阳县,361128
36,江西省,3611,上饶市,36,万年县,361129
36,江西省,3611,上饶市,36,婺源县,361130
36,江西省,3611,上饶市,36,德兴市,361181
37,山东省,3701,济南市,37,历下区,370102
37,山东省,3701,济南市,37,市中区,370103
37,山东省,3701,济南市,37,槐荫区,370104
37,山东省,3701,济南市,37,天桥区,370105
37,山东省,3701,济南市,37,历城区,370112
37,山东省,3701,济南市,37,长清区,370113
37,山东省,3701,济南市,37,章丘区,370114
37,山东省,3701,济南市,37,济阳区,370115
37,山东省,3701,济南市,37,莱芜区,370116
37,山东省,3701,济南市,37,钢城区,370117
37,山东省,3701,济南市,37,平阴县,370124
37,山东省,3701,济南市,37,商河县,370126
37,山东省,3701,济南市,37,济南高新技术产业开发区,370171
37,山东省,3702,青岛市,37,市南区,370202
37,山东省,3702,青岛市,37,市北区,370203
37,山东省,3702,青岛市,37,黄岛区,370211
37,山东省,3702,青岛市,37,崂山区,370212
37,山东省,3702,青岛市,37,李沧区,370213
37,山东省,3702,青岛市,37,城阳区,370214
37,山东省,3702,青岛市,37,即墨区,370215
37,山东省,3702,青岛市,37,青岛高新技术产业开发区,370271
37,山东省,3702,青岛市,37,胶州市,370281
37,山东省,3702,青岛市,37,平度市,370283
37,山东省,3702,青岛市,37,莱西市,370285
37,山东省,3703,淄博市,37,淄川区,370302
37,山东省,3703,淄博市,37,张店区,370303
37,山东省,3703,淄博市,37,博山区,370304
37,山东省,3703,淄博市,37,临淄区,370305
37,山东省,3703,淄博市,37,周村区,370306
37,山东省,3703,淄博市,37,桓台县,370321
37,山东省,3703,淄博市,37,高青县,370322
37,山东省,3703,淄博市,37,沂源县,370323
37,山东省,3704,枣庄市,37,市中区,370402
37,山东省,3704,枣庄市,37,薛城区,370403
37,山东省,3704,枣庄市,37,峄城区,370404
37,山东省,3704,枣庄市,37,台儿庄区,370405
37,山东省,3704,枣庄市,37,山亭区,370406
37,山东省,3704,枣庄市,37,滕州市,370481
37,山东省,3705,东营市,37,东营区,370502
37,山东省,3705,东营市,37,河口区,370503
37,山东省,3705,东营市,37,垦利区,370505
37,山东省,3705,东营市,37,利津县,370522
37,山东省,3705,东营市,37,广饶县,370523
37,山东省,3705,东营市,37,东营经济技术开发区,370571
37,山东省,3705,东营市,37,东营港经济开发区,370572
37,山东省,3706,烟台市,37,芝罘区,370602
37,山东省,3706,烟台市,37,福山区,370611
37,山东省,3706,烟台市,37,牟平区,370612
37,山东省,3706,烟台市,37,莱山区,370613
37,山东省,3706,烟台市,37,蓬莱区,370614
37,山东省,3706,烟台市,37,烟台高新技术产业开发区,370671
37,山东省,3706,烟台市,37,烟台经济技术开发区,370672
37,山东省,3706,烟台市,37,龙口市,370681
37,山东省,3706,烟台市,37,莱阳市,370682
37,山东省,3706,烟台市,37,莱州市,370683
37,山东省,3706,烟台市,37,招远市,370685
37,山东省,3706,烟台市,37,栖霞市,370686
37,山东省,3706,烟台市,37,海阳市,370687
37,山东省,3707,潍坊市,37,潍城区,370702
37,山东省,3707,潍坊市,37,寒亭区,370703
37,山东省,3707,潍坊市,37,坊子区,370704
37,山东省,3707,潍坊市,37,奎文区,370705
37,山东省,3707,潍坊市,37,临朐县,370724
37,山东省,3707,潍坊市,37,昌乐县,370725
37,山东省,3707,潍坊市,37,潍坊滨海经济技术开发区,370772
37,山东省,3707,潍坊市,37,青州市,370781
37,山东省,3707,潍坊市,37,诸城市,370782
37,山东省,3707,潍坊市,37,寿光市,370783
37,山东省,3707,潍坊市,37,安丘市,370784
37,山东省,3707,潍坊市,37,高密市,370785
37,山东省,3707,潍坊市,37,昌邑市,370786
37,山东省,3708,济宁市,37,任城区,370811
37,山东省,3708,济宁市,37,兖州区,370812
37,山东省,3708,济宁市,37,微山县,370826
37,山东省,3708,济宁市,37,鱼台县,370827
37,山东省,3708,济宁市,37,金乡县,370828
37,山东省,3708,济宁市,37,嘉祥县,370829
37,山东省,3708,济宁市,37,汶上县,370830
37,山东省,3708,济宁市,37,泗水县,370831
37,山东省,3708,济宁市,37,梁山县,370832
37,山东省,3708,济宁市,37,济宁高新技术产业开发区,370871
37,山东省,3708,济宁市,37,曲阜市,370881
37,山东省,3708,济宁市,37,邹城市,370883
37,山东省,3709,泰安市,37,泰山区,370902
37,山东省,3709,泰安市,37,岱岳区,370911
37,山东省,3709,泰安市,37,宁阳县,370921
37,山东省,3709,泰安市,37,东平县,370923
37,山东省,3709,泰安市,37,新泰市,370982
37,山东省,3709,泰安市,37,肥城市,370983
37,山东省,3710,威海市,37,环翠区,371002
37,山东省,3710,威海市,37,文登区,371003
37,山东省,3710,威海市,37,威海火炬高技术产业开发区,371071
37,山东省,3710,威海市,37,威海经济技术开发区,371072
37,山东省,3710,威海市,37,威海临港经济技术开发区,371073
37,山东省,3710,威海市,37,荣成市,371082
37,山东省,3710,威海市,37,乳山市,371083
37,山东省,3711,日照市,37,东港区,371102
37,山东省,3711,日照市,37,岚山区,371103
37,山东省,3711,日照市,37,五莲县,371121
37,山东省,3711,日照市,37,莒县,371122
37,山东省,3711,日照市,37,日照经济技术开发区,371171
37,山东省,3713,临沂市,37,兰山区,371302
37,山东省,3713,临沂市,37,罗庄区,371311
37,山东省,3713,临沂市,37,河东区,371312
37,山东省,3713,临沂市,37,沂南县,371321
37,山东省,3713,临沂市,37,郯城县,371322
37,山东省,3713,临沂市,37,沂水县,371323
37,山东省,3713,临沂市,37,兰陵县,371324
37,山东省,3713,临沂市,37,费县,371325
37,山东省,3713,临沂市,37,平邑县,371326
37,山东省,3713,临沂市,37,莒南县,371327
37,山东省,3713,临沂市,37,蒙阴县,371328
37,山东省,3713,临沂市,37,临沭县,371329
37,山东省,3713,临沂市,37,临沂高新技术产业开发区,371371
37,山东省,3714,德州市,37,德城区,371402
37,山东省,3714,德州市,37,陵城区,371403
37,山东省,3714,德州市,37,宁津县,371422
37,山东省,3714,德州市,37,庆云县,371423
37,山东省,3714,德州市,37,临邑县,371424
37,山东省,3714,德州市,37,齐河县,371425
37,山东省,3714,德州市,37,平原县,371426
37,山东省,3714,德州市,37,夏津县,371427
37,山东省,3714,德州市,37,武城县,371428
37,山东省,3714,德州市,37,德州经济技术开发区,371471
37,山东省,3714,德州市,37,德州运河经济开发区,371472
37,山东省,3714,德州市,37,乐陵市,371481
37,山东省,3714,德州市,37,禹城市,371482
37,山东省,3715,聊城市,37,东昌府区,371502
37,山东省,3715,聊城市,37,茌平区,371503
37,山东省,3715,聊城市,37,阳谷县,371521
37,山东省,3715,聊城市,37,莘县,371522
37,山东省,3715,聊城市,37,东阿县,371524
37,山东省,3715,聊城市,37,冠县,371525
37,山东省,3715,聊城市,37,高唐县,371526
37,山东省,3715,聊城市,37,临清市,371581
37,山东省,3716,滨州市,37,滨城区,371602
37,山东省,3716,滨州市,37,沾化区,371603
37,山东省,3716,滨州市,37,惠民县,371621
37,山东省,3716,滨州市,37,阳信县,371622
37,山东省,3716,滨州市,37,无棣县,371623
37,山东省,3716,滨州市,37,博兴县,371625
37,山东省,3716,滨州市,37,邹平市,371681
37,山东省,3717,菏泽市,37,牡丹区,371702
37,山东省,3717,菏泽市,37,定陶区,371703
37,山东省,3717,菏泽市,37,曹县,371721
37,山东省,3717,菏泽市,37,单县,371722
37,山东省,3717,菏泽市,37,成武县,371723
37,山东省,3717,菏泽市,37,巨野县,371724
37,山东省,3717,菏泽市,37,郓城县,371725
37,山东省,3717,菏泽市,37,鄄城县,371726
37,山东省,3717,菏泽市,37,东明县,371728
37,山东省,3717,菏泽市,37,菏泽经济技术开发区,371771
37,山东省,3717,菏泽市,37,菏泽高新技术开发区,371772
41,河南省,4101,郑州市,41,中原区,410102
41,河南省,4101,郑州市,41,二七区,410103
41,河南省,4101,郑州市,41,管城回族区,410104
41,河南省,4101,郑州市,41,金水区,410105
41,河南省,4101,郑州市,41,上街区,410106
41,河南省,4101,郑州市,41,惠济区,410108
41,河南省,4101,郑州市,41,中牟县,410122
41,河南省,4101,郑州市,41,郑州经济技术开发区,410171
41,河南省,4101,郑州市,41,郑州高新技术产业开发区,410172
41,河南省,4101,郑州市,41,郑州航空港经济综合实验区,410173
41,河南省,4101,郑州市,41,巩义市,410181
41,河南省,4101,郑州市,41,荥阳市,410182
41,河南省,4101,郑州市,41,新密市,410183
41,河南省,4101,郑州市,41,新郑市,410184
41,河南省,4101,郑州市,41,登封市,410185
41,河南省,4102,开封市,41,龙亭区,410202
41,河南省,4102,开封市,41,顺河回族区,410203
41,河南省,4102,开封市,41,鼓楼区,410204
41,河南省,4102,开封市,41,禹王台区,410205
41,河南省,4102,开封市,41,祥符区,410212
41,河南省,4102,开封市,41,杞县,410221
41,河南省,4102,开封市,41,通许县,410222
41,河南省,4102,开封市,41,尉氏县,410223
41,河南省,4102,开封市,41,兰考县,410225
41,河南省,4103,洛阳市,41,老城区,410302
41,河南省,4103,洛阳市,41,西工区,410303
41,河南省,4103,洛阳市,41,瀍河回族区,410304
41,河南省,4103,洛阳市,41,涧西区,410305
41,河南省,4103,洛阳市,41,吉利区,410306
41,河南省,4103,洛阳市,41,洛龙区,410311
41,河南省,4103,洛阳市,41,孟津县,410322
41,河南省,4103,洛阳市,41,新安县,410323
41,河南省,4103,洛阳市,41,栾川县,410324
41,河南省,4103,洛阳市,41,嵩县,410325
41,河南省,4103,洛阳市,41,汝阳县,410326
41,河南省,4103,洛阳市,41,宜阳县,410327
41,河南省,4103,洛阳市,41,洛宁县,410328
41,河南省,4103,洛阳市,41,伊川县,410329
41,河南省,4103,洛阳市,41,洛阳高新技术产业开发区,410371
41,河南省,4103,洛阳市,41,偃师市,410381
41,河南省,4104,平顶山市,41,新华区,410402
41,河南省,4104,平顶山市,41,卫东区,410403
41,河南省,4104,平顶山市,41,石龙区,410404
41,河南省,4104,平顶山市,41,湛河区,410411
41,河南省,4104,平顶山市,41,宝丰县,410421
41,河南省,4104,平顶山市,41,叶县,410422
41,河南省,4104,平顶山市,41,鲁山县,410423
41,河南省,4104,平顶山市,41,郏县,410425
41,河南省,4104,平顶山市,41,平顶山高新技术产业开发区,410471
41,河南省,4104,平顶山市,41,平顶山市城乡一体化示范区,410472
41,河南省,4104,平顶山市,41,舞钢市,410481
41,河南省,4104,平顶山市,41,汝州市,410482
41,河南省,4105,安阳市,41,文峰区,410502
41,河南省,4105,安阳市,41,北关区,410503
41,河南省,4105,安阳市,41,殷都区,410505
41,河南省,4105,安阳市,41,龙安区,410506
41,河南省,4105,安阳市,41,安阳县,410522
41,河南省,4105,安阳市,41,汤阴县,410523
41,河南省,4105,安阳市,41,滑县,410526
41,河南省,4105,安阳市,41,内黄县,410527
41,河南省,4105,安阳市,41,安阳高新技术产业开发区,410571
41,河南省,4105,安阳市,41,林州市,410581
41,河南省,4106,鹤壁市,41,鹤山区,410602
41,河南省,4106,鹤壁市,41,山城区,410603
41,河南省,4106,鹤壁市,41,淇滨区,410611
41,河南省,4106,鹤壁市,41,浚县,410621
41,河南省,4106,鹤壁市,41,淇县,410622
41,河南省,4106,鹤壁市,41,鹤壁经济技术开发区,410671
41,河南省,4107,新乡市,41,红旗区,410702
41,河南省,4107,新乡市,41,卫滨区,410703
41,河南省,4107,新乡市,41,凤泉区,410704
41,河南省,4107,新乡市,41,牧野区,410711
41,河南省,4107,新乡市,41,新乡县,410721
41,河南省,4107,新乡市,41,获嘉县,410724
41,河南省,4107,新乡市,41,原阳县,410725
41,河南省,4107,新乡市,41,延津县,410726
41,河南省,4107,新乡市,41,封丘县,410727
41,河南省,4107,新乡市,41,新乡高新技术产业开发区,410771
41,河南省,4107,新乡市,41,新乡经济技术开发区,410772
41,河南省,4107,新乡市,41,新乡市平原城乡一体化示范区,410773
41,河南省,4107,新乡市,41,卫辉市,410781
41,河南省,4107,新乡市,41,辉县市,410782
41,河南省,4107,新乡市,41,长垣市,410783
41,河南省,4108,焦作市,41,解放区,410802
41,河南省,4108,焦作市,41,中站区,410803
41,河南省,4108,焦作市,41,马村区,410804
41,河南省,4108,焦作市,41,山阳区,410811
41,河南省,4108,焦作市,41,修武县,410821
41,河南省,4108,焦作市,41,博爱县,410822
41,河南省,4108,焦作市,41,武陟县,410823
41,河南省,4108,焦作市,41,温县,410825
41,河南省,4108,焦作市,41,焦作城乡一体化示范区,410871
41,河南省,4108,焦作市,41,沁阳市,410882
41,河南省,4108,焦作市,41,孟州市,410883
41,河南省,4109,濮阳市,41,华龙区,410902
41,河南省,4109,濮阳市,41,清丰县,410922
41,河南省,4109,濮阳市,41,南乐县,410923
41,河南省,4109,濮阳市,41,范县,410926
41,河南省,4109,濮阳市,41,台前县,410927
41,河南省,4109,濮阳市,41,濮阳县,410928
41,河南省,4109,濮阳市,41,河南濮阳工业园区,410971
41,河南省,4109,濮阳市,41,濮阳经济技术开发区,410972
41,河南省,4110,许昌市,41,魏都区,411002
41,河南省,4110,许昌市,41,建安区,411003
41,河南省,4110,许昌市,41,鄢陵县,411024
41,河南省,4110,许昌市,41,襄城县,411025
41,河南省,4110,许昌市,41,许昌经济技术开发区,411071
41,河南省,4110,许昌市,41,禹州市,411081
41,河南省,4110,许昌市,41,长葛市,411082
41,河南省,4111,漯河市,41,源汇区,411102
41,河南省,4111,漯河市,41,郾城区,411103
41,河南省,4111,漯河市,41,召陵区,411104
41,河南省,4111,漯河市,41,舞阳县,411121
41,河南省,4111,漯河市,41,临颍县,411122
41,河南省,4111,漯河市,41,漯河经济技术开发区,411171
41,河南省,4112,三门峡市,41,湖滨区,411202
41,河南省,4112,三门峡市,41,陕州区,411203
41,河南省,4112,三门峡市,41,渑池县,411221
41,河南省,4112,三门峡市,41,卢氏县,411224
41,河南省,4112,三门峡市,41,河南三门峡经济开发区,411271
41,河南省,4112,三门峡市,41,义马市,411281
41,河南省,4112,三门峡市,41,灵宝市,411282
41,河南省,4113,南阳市,41,宛城区,411302
41,河南省,4113,南阳市,41,卧龙区,411303
41,河南省,4113,南阳市,41,南召县,411321
41,河南省,4113,南阳市,41,方城县,411322
41,河南省,4113,南阳市,41,西峡县,411323
41,河南省,4113,南阳市,41,镇平县,411324
41,河南省,4113,南阳市,41,内乡县,411325
41,河南省,4113,南阳市,41,淅川县,411326
41,河南省,4113,南阳市,41,社旗县,411327
41,河南省,4113,南阳市,41,唐河县,411328
41,河南省,4113,南阳市,41,新野县,411329
41,河南省,4113,南阳市,41,桐柏县,411330
41,河南省,4113,南阳市,41,南阳高新技术产业开发区,411371
41,河南省,4113,南阳市,41,南阳市城乡一体化示范区,411372
41,河南省,4113,南阳市,41,邓州市,411381
41,河南省,4114,商丘市,41,梁园区,411402
41,河南省,4114,商丘市,41,睢阳区,411403
41,河南省,4114,商丘市,41,民权县,411421
41,河南省,4114,商丘市,41,睢县,411422
41,河南省,4114,商丘市,41,宁陵县,411423
41,河南省,4114,商丘市,41,柘城县,411424
41,河南省,4114,商丘市,41,虞城县,411425
41,河南省,4114,商丘市,41,夏邑县,411426
41,河南省,4114,商丘市,41,豫东综合物流产业聚集区,411471
41,河南省,4114,商丘市,41,河南商丘经济开发区,411472
41,河南省,4114,商丘市,41,永城市,411481
41,河南省,4115,信阳市,41,浉河区,411502
41,河南省,4115,信阳市,41,平桥区,411503
41,河南省,4115,信阳市,41,罗山县,411521
41,河南省,4115,信阳市,41,光山县,411522
41,河南省,4115,信阳市,41,新县,411523
41,河南省,4115,信阳市,41,商城县,411524
41,河南省,4115,信阳市,41,固始县,411525
41,河南省,4115,信阳市,41,潢川县,411526
41,河南省,4115,信阳市,41,淮滨县,411527
41,河南省,4115,信阳市,41,息县,411528
41,河南省,4115,信阳市,41,信阳高新技术产业开发区,411571
41,河南省,4116,周口市,41,川汇区,411602
41,河南省,4116,周口市,41,淮阳区,411603
41,河南省,4116,周口市,41,扶沟县,411621
41,河南省,4116,周口市,41,西华县,411622
41,河南省,4116,周口市,41,商水县,411623
41,河南省,4116,周口市,41,沈丘县,411624
41,河南省,4116,周口市,41,郸城县,411625
41,河南省,4116,周口市,41,太康县,411627
41,河南省,4116,周口市,41,鹿邑县,411628
41,河南省,4116,周口市,41,河南周口经济开发区,411671
41,河南省,4116,周口市,41,项城市,411681
41,河南省,4117,驻马店市,41,驿城区,411702
41,河南省,4117,驻马店市,41,西平县,411721
41,河南省,4117,驻马店市,41,上蔡县,411722
41,河南省,4117,驻马店市,41,平舆县,411723
41,河南省,4117,驻马店市,41,正阳县,411724
41,河南省,4117,驻马店市,41,确山县,411725
41,河南省,4117,驻马店市,41,泌阳县,411726
41,河南省,4117,驻马店市,41,汝南县,411727
41,河南省,4117,驻马店市,41,遂平县,411728
41,河南省,4117,驻马店市,41,新蔡县,411729
41,河南省,4117,驻马店市,41,河南驻马店经济开发区,411771
41,河南省,4190,省直辖县级行政区划,41,济源市,419001
42,湖北省,4201,武汉市,42,江岸区,420102
42,湖北省,4201,武汉市,42,江汉区,420103
42,湖北省,4201,武汉市,42,硚口区,420104
42,湖北省,4201,武汉市,42,汉阳区,420105
42,湖北省,4201,武汉市,42,武昌区,420106
42,湖北省,4201,武汉市,42,青山区,420107
42,湖北省,4201,武汉市,42,洪山区,420111
42,湖北省,4201,武汉市,42,东西湖区,420112
42,湖北省,4201,武汉市,42,汉南区,420113
42,湖北省,4201,武汉市,42,蔡甸区,420114
42,湖北省,4201,武汉市,42,江夏区,420115
42,湖北省,4201,武汉市,42,黄陂区,420116
42,湖北省,4201,武汉市,42,新洲区,420117
42,湖北省,4202,黄石市,42,黄石港区,420202
42,湖北省,4202,黄石市,42,西塞山区,420203
42,湖北省,4202,黄石市,42,下陆区,420204
42,湖北省,4202,黄石市,42,铁山区,420205
42,湖北省,4202,黄石市,42,阳新县,420222
42,湖北省,4202,黄石市,42,大冶市,420281
42,湖北省,4203,十堰市,42,茅箭区,420302
42,湖北省,4203,十堰市,42,张湾区,420303
42,湖北省,4203,十堰市,42,郧阳区,420304
42,湖北省,4203,十堰市,42,郧西县,420322
42,湖北省,4203,十堰市,42,竹山县,420323
42,湖北省,4203,十堰市,42,竹溪县,420324
42,湖北省,4203,十堰市,42,房县,420325
42,湖北省,4203,十堰市,42,丹江口市,420381
42,湖北省,4205,宜昌市,42,西陵区,420502
42,湖北省,4205,宜昌市,42,伍家岗区,420503
42,湖北省,4205,宜昌市,42,点军区,420504
42,湖北省,4205,宜昌市,42,猇亭区,420505
42,湖北省,4205,宜昌市,42,夷陵区,420506
42,湖北省,4205,宜昌市,42,远安县,420525
42,湖北省,4205,宜昌市,42,兴山县,420526
42,湖北省,4205,宜昌市,42,秭归县,420527
42,湖北省,4205,宜昌市,42,长阳土家族自治县,420528
42,湖北省,4205,宜昌市,42,五峰土家族自治县,420529
42,湖北省,4205,宜昌市,42,宜都市,420581
42,湖北省,4205,宜昌市,42,当阳市,420582
42,湖北省,4205,宜昌市,42,枝江市,420583
42,湖北省,4206,襄阳市,42,襄城区,420602
42,湖北省,4206,襄阳市,42,樊城区,420606
42,湖北省,4206,襄阳市,42,襄州区,420607
42,湖北省,4206,襄阳市,42,南漳县,420624
42,湖北省,4206,襄阳市,42,谷城县,420625
42,湖北省,4206,襄阳市,42,保康县,420626
42,湖北省,4206,襄阳市,42,老河口市,420682
42,湖北省,4206,襄阳市,42,枣阳市,420683
42,湖北省,4206,襄阳市,42,宜城市,420684
42,湖北省,4207,鄂州市,42,梁子湖区,420702
42,湖北省,4207,鄂州市,42,华容区,420703
42,湖北省,4207,鄂州市,42,鄂城区,420704
42,湖北省,4208,荆门市,42,东宝区,420802
42,湖北省,4208,荆门市,42,掇刀区,420804
42,湖北省,4208,荆门市,42,沙洋县,420822
42,湖北省,4208,荆门市,42,钟祥市,420881
42,湖北省,4208,荆门市,42,京山市,420882
42,湖北省,4209,孝感市,42,孝南区,420902
42,湖北省,4209,孝感市,42,孝昌县,420921
42,湖北省,4209,孝感市,42,大悟县,420922
42,湖北省,4209,孝感市,42,云梦县,420923
42,湖北省,4209,孝感市,42,应城市,420981
42,湖北省,4209,孝感市,42,安陆市,420982
42,湖北省,4209,孝感市,42,汉川市,420984
42,湖北省,4210,荆州市,42,沙市区,421002
42,湖北省,4210,荆州市,42,荆州区,421003
42,湖北省,4210,荆州市,42,公安县,421022
42,湖北省,4210,荆州市,42,监利县,421023
42,湖北省,4210,荆州市,42,江陵县,421024
42,湖北省,4210,荆州市,42,荆州经济技术开发区,421071
42,湖北省,4210,荆州市,42,石首市,421081
42,湖北省,4210,荆州市,42,洪湖市,421083
42,湖北省,4210,荆州市,42,松滋市,421087
42,湖北省,4211,黄冈市,42,黄州区,421102
42,湖北省,4211,黄冈市,42,团风县,421121
42,湖北省,4211,黄冈市,42,红安县,421122
42,湖北省,4211,黄冈市,42,罗田县,421123
42,湖北省,4211,黄冈市,42,英山县,421124
42,湖北省,4211,黄冈市,42,浠水县,421125
42,湖北省,4211,黄冈市,42,蕲春县,421126
42,湖北省,4211,黄冈市,42,黄梅县,421127
42,湖北省,4211,黄冈市,42,龙感湖管理区,421171
42,湖北省,4211,黄冈市,42,麻城市,421181
42,湖北省,4211,黄冈市,42,武穴市,421182
42,湖北省,4212,咸宁市,42,咸安区,421202
42,湖北省,4212,咸宁市,42,嘉鱼县,421221
42,湖北省,4212,咸宁市,42,通城县,421222
42,湖北省,4212,咸宁市,42,崇阳县,421223
42,湖北省,4212,咸宁市,42,通山县,421224
42,湖北省,4212,咸宁市,42,赤壁市,421281
42,湖北省,4213,随州市,42,曾都区,421303
42,湖北省,4213,随州市,42,随县,421321
42,湖北省,4213,随州市,42,广水市,421381
42,湖北省,4228,恩施土家族苗族自治州,42,恩施市,422801
42,湖北省,4228,恩施土家族苗族自治州,42,利川市,422802
42,湖北省,4228,恩施土家族苗族自治州,42,建始县,422822
42,湖北省,4228,恩施土家族苗族自治州,42,巴东县,422823
42,湖北省,4228,恩施土家族苗族自治州,42,宣恩县,422825
42,湖北省,4228,恩施土家族苗族自治州,42,咸丰县,422826
42,湖北省,4228,恩施土家族苗族自治州,42,来凤县,422827
42,湖北省,4228,恩施土家族苗族自治州,42,鹤峰县,422828
42,湖北省,4290,省直辖县级行政区划,42,仙桃市,429004
42,湖北省,4290,省直辖县级行政区划,42,潜江市,429005
42,湖北省,4290,省直辖县级行政区划,42,天门市,429006
42,湖北省,4290,省直辖县级行政区划,42,神农架林区,429021
43,湖南省,4301,长沙市,43,芙蓉区,430102
43,湖南省,4301,长沙市,43,天心区,430103
43,湖南省,4301,长沙市,43,岳麓区,430104
43,湖南省,4301,长沙市,43,开福区,430105
43,湖南省,4301,长沙市,43,雨花区,430111
43,湖南省,4301,长沙市,43,望城区,430112
43,湖南省,4301,长沙市,43,长沙县,430121
43,湖南省,4301,长沙市,43,浏阳市,430181
43,湖南省,4301,长沙市,43,宁乡市,430182
43,湖南省,4302,株洲市,43,荷塘区,430202
43,湖南省,4302,株洲市,43,芦淞区,430203
43,湖南省,4302,株洲市,43,石峰区,430204
43,湖南省,4302,株洲市,43,天元区,430211
43,湖南省,4302,株洲市,43,渌口区,430212
43,湖南省,4302,株洲市,43,攸县,430223
43,湖南省,4302,株洲市,43,茶陵县,430224
43,湖南省,4302,株洲市,43,炎陵县,430225
43,湖南省,4302,株洲市,43,云龙示范区,430271
43,湖南省,4302,株洲市,43,醴陵市,430281
43,湖南省,4303,湘潭市,43,雨湖区,430302
43,湖南省,4303,湘潭市,43,岳塘区,430304
43,湖南省,4303,湘潭市,43,湘潭县,430321
43,湖南省,4303,湘潭市,43,湖南湘潭高新技术产业园区,430371
43,湖南省,4303,湘潭市,43,湘潭昭山示范区,430372
43,湖南省,4303,湘潭市,43,湘潭九华示范区,430373
43,湖南省,4303,湘潭市,43,湘乡市,430381
43,湖南省,4303,湘潭市,43,韶山市,430382
43,湖南省,4304,衡阳市,43,珠晖区,430405
43,湖南省,4304,衡阳市,43,雁峰区,430406
43,湖南省,4304,衡阳市,43,石鼓区,430407
43,湖南省,4304,衡阳市,43,蒸湘区,430408
43,湖南省,4304,衡阳市,43,南岳区,430412
43,湖南省,4304,衡阳市,43,衡阳县,430421
43,湖南省,4304,衡阳市,43,衡南县,430422
43,湖南省,4304,衡阳市,43,衡山县,430423
43,湖南省,4304,衡阳市,43,衡东县,430424
43,湖南省,4304,衡阳市,43,祁东县,430426
43,湖南省,4304,衡阳市,43,衡阳综合保税区,430471
43,湖南省,4304,衡阳市,43,湖南衡阳高新技术产业园区,430472
43,湖南省,4304,衡阳市,43,湖南衡阳松木经济开发区,430473
43,湖南省,4304,衡阳市,43,耒阳市,430481
43,湖南省,4304,衡阳市,43,常宁市,430482
43,湖南省,4305,邵阳市,43,双清区,430502
43,湖南省,4305,邵阳市,43,大祥区,430503
43,湖南省,4305,邵阳市,43,北塔区,430511
43,湖南省,4305,邵阳市,43,新邵县,430522
43,湖南省,4305,邵阳市,43,邵阳县,430523
43,湖南省,4305,邵阳市,43,隆回县,430524
43,湖南省,4305,邵阳市,43,洞口县,430525
43,湖南省,4305,邵阳市,43,绥宁县,430527
43,湖南省,4305,邵阳市,43,新宁县,430528
43,湖南省,4305,邵阳市,43,城步苗族自治县,430529
43,湖南省,4305,邵阳市,43,武冈市,430581
43,湖南省,4305,邵阳市,43,邵东市,430582
43,湖南省,4306,岳阳市,43,岳阳楼区,430602
43,湖南省,4306,岳阳市,43,云溪区,430603
43,湖南省,4306,岳阳市,43,君山区,430611
43,湖南省,4306,岳阳市,43,岳阳县,430621
43,湖南省,4306,岳阳市,43,华容县,430623
43,湖南省,4306,岳阳市,43,湘阴县,430624
43,湖南省,4306,岳阳市,43,平江县,430626
43,湖南省,4306,岳阳市,43,岳阳市屈原管理区,430671
43,湖南省,4306,岳阳市,43,汨罗市,430681
43,湖南省,4306,岳阳市,43,临湘市,430682
43,湖南省,4307,常德市,43,武陵区,430702
43,湖南省,4307,常德市,43,鼎城区,430703
43,湖南省,4307,常德市,43,安乡县,430721
43,湖南省,4307,常德市,43,汉寿县,430722
43,湖南省,4307,常德市,43,澧县,430723
43,湖南省,4307,常德市,43,临澧县,430724
43,湖南省,4307,常德市,43,桃源县,430725
43,湖南省,4307,常德市,43,石门县,430726
43,湖南省,4307,常德市,43,常德市西洞庭管理区,430771
43,湖南省,4307,常德市,43,津市市,430781
43,湖南省,4308,张家界市,43,永定区,430802
43,湖南省,4308,张家界市,43,武陵源区,430811
43,湖南省,4308,张家界市,43,慈利县,430821
43,湖南省,4308,张家界市,43,桑植县,430822
43,湖南省,4309,益阳市,43,资阳区,430902
43,湖南省,4309,益阳市,43,赫山区,430903
43,湖南省,4309,益阳市,43,南县,430921
43,湖南省,4309,益阳市,43,桃江县,430922
43,湖南省,4309,益阳市,43,安化县,430923
43,湖南省,4309,益阳市,43,益阳市大通湖管理区,430971
43,湖南省,4309,益阳市,43,湖南益阳高新技术产业园区,430972
43,湖南省,4309,益阳市,43,沅江市,430981
43,湖南省,4310,郴州市,43,北湖区,431002
43,湖南省,4310,郴州市,43,苏仙区,431003
43,湖南省,4310,郴州市,43,桂阳县,431021
43,湖南省,4310,郴州市,43,宜章县,431022
43,湖南省,4310,郴州市,43,永兴县,431023
43,湖南省,4310,郴州市,43,嘉禾县,431024
43,湖南省,4310,郴州市,43,临武县,431025
43,湖南省,4310,郴州市,43,汝城县,431026
43,湖南省,4310,郴州市,43,桂东县,431027
43,湖南省,4310,郴州市,43,安仁县,431028
43,湖南省,4310,郴州市,43,资兴市,431081
43,湖南省,4311,永州市,43,零陵区,431102
43,湖南省,4311,永州市,43,冷水滩区,431103
43,湖南省,4311,永州市,43,祁阳县,431121
43,湖南省,4311,永州市,43,东安县,431122
43,湖南省,4311,永州市,43,双牌县,431123
43,湖南省,4311,永州市,43,道县,431124
43,湖南省,4311,永州市,43,江永县,431125
43,湖南省,4311,永州市,43,宁远县,431126
43,湖南省,4311,永州市,43,蓝山县,431127
43,湖南省,4311,永州市,43,新田县,431128
43,湖南省,4311,永州市,43,江华瑶族自治县,431129
43,湖南省,4311,永州市,43,永州经济技术开发区,431171
43,湖南省,4311,永州市,43,永州市金洞管理区,431172
43,湖南省,4311,永州市,43,永州市回龙圩管理区,431173
43,湖南省,4312,怀化市,43,鹤城区,431202
43,湖南省,4312,怀化市,43,中方县,431221
43,湖南省,4312,怀化市,43,沅陵县,431222
43,湖南省,4312,怀化市,43,辰溪县,431223
43,湖南省,4312,怀化市,43,溆浦县,431224
43,湖南省,4312,怀化市,43,会同县,431225
43,湖南省,4312,怀化市,43,麻阳苗族自治县,431226
43,湖南省,4312,怀化市,43,新晃侗族自治县,431227
43,湖南省,4312,怀化市,43,芷江侗族自治县,431228
43,湖南省,4312,怀化市,43,靖州苗族侗族自治县,431229
43,湖南省,4312,怀化市,43,通道侗族自治县,431230
43,湖南省,4312,怀化市,43,怀化市洪江管理区,431271
43,湖南省,4312,怀化市,43,洪江市,431281
43,湖南省,4313,娄底市,43,娄星区,431302
43,湖南省,4313,娄底市,43,双峰县,431321
43,湖南省,4313,娄底市,43,新化县,431322
43,湖南省,4313,娄底市,43,冷水江市,431381
43,湖南省,4313,娄底市,43,涟源市,431382
43,湖南省,4331,湘西土家族苗族自治州,43,吉首市,433101
43,湖南省,4331,湘西土家族苗族自治州,43,泸溪县,433122
43,湖南省,4331,湘西土家族苗族自治州,43,凤凰县,433123
43,湖南省,4331,湘西土家族苗族自治州,43,花垣县,433124
43,湖南省,4331,湘西土家族苗族自治州,43,保靖县,433125
43,湖南省,4331,湘西土家族苗族自治州,43,古丈县,433126
43,湖南省,4331,湘西土家族苗族自治州,43,永顺县,433127
43,湖南省,4331,湘西土家族苗族自治州,43,龙山县,433130
44,广东省,4401,广州市,44,荔湾区,440103
44,广东省,4401,广州市,44,越秀区,440104
44,广东省,4401,广州市,44,海珠区,440105
44,广东省,4401,广州市,44,天河区,440106
44,广东省,4401,广州市,44,白云区,440111
44,广东省,4401,广州市,44,黄埔区,440112
44,广东省,4401,广州市,44,番禺区,440113
44,广东省,4401,广州市,44,花都区,440114
44,广东省,4401,广州市,44,南沙区,440115
44,广东省,4401,广州市,44,从化区,440117
44,广东省,4401,广州市,44,增城区,440118
44,广东省,4402,韶关市,44,武江区,440203
44,广东省,4402,韶关市,44,浈江区,440204
44,广东省,4402,韶关市,44,曲江区,440205
44,广东省,4402,韶关市,44,始兴县,440222
44,广东省,4402,韶关市,44,仁化县,440224
44,广东省,4402,韶关市,44,翁源县,440229
44,广东省,4402,韶关市,44,乳源瑶族自治县,440232
44,广东省,4402,韶关市,44,新丰县,440233
44,广东省,4402,韶关市,44,乐昌市,440281
44,广东省,4402,韶关市,44,南雄市,440282
44,广东省,4403,深圳市,44,罗湖区,440303
44,广东省,4403,深圳市,44,福田区,440304
44,广东省,4403,深圳市,44,南山区,440305
44,广东省,4403,深圳市,44,宝安区,440306
44,广东省,4403,深圳市,44,龙岗区,440307
44,广东省,4403,深圳市,44,盐田区,440308
44,广东省,4403,深圳市,44,龙华区,440309
44,广东省,4403,深圳市,44,坪山区,440310
44,广东省,4403,深圳市,44,光明区,440311
44,广东省,4404,珠海市,44,香洲区,440402
44,广东省,4404,珠海市,44,斗门区,440403
44,广东省,4404,珠海市,44,金湾区,440404
44,广东省,4405,汕头市,44,龙湖区,440507
44,广东省,4405,汕头市,44,金平区,440511
44,广东省,4405,汕头市,44,濠江区,440512
44,广东省,4405,汕头市,44,潮阳区,440513
44,广东省,4405,汕头市,44,潮南区,440514
44,广东省,4405,汕头市,44,澄海区,440515
44,广东省,4405,汕头市,44,南澳县,440523
44,广东省,4406,佛山市,44,禅城区,440604
44,广东省,4406,佛山市,44,南海区,440605
44,广东省,4406,佛山市,44,顺德区,440606
44,广东省,4406,佛山市,44,三水区,440607
44,广东省,4406,佛山市,44,高明区,440608
44,广东省,4407,江门市,44,蓬江区,440703
44,广东省,4407,江门市,44,江海区,440704
44,广东省,4407,江门市,44,新会区,440705
44,广东省,4407,江门市,44,台山市,440781
44,广东省,4407,江门市,44,开平市,440783
44,广东省,4407,江门市,44,鹤山市,440784
44,广东省,4407,江门市,44,恩平市,440785
44,广东省,4408,湛江市,44,赤坎区,440802
44,广东省,4408,湛江市,44,霞山区,440803
44,广东省,4408,湛江市,44,坡头区,440804
44,广东省,4408,湛江市,44,麻章区,440811
44,广东省,4408,湛江市,44,遂溪县,440823
44,广东省,4408,湛江市,44,徐闻县,440825
44,广东省,4408,湛江市,44,廉江市,440881
44,广东省,4408,湛江市,44,雷州市,440882
44,广东省,4408,湛江市,44,吴川市,440883
44,广东省,4409,茂名市,44,茂南区,440902
44,广东省,4409,茂名市,44,电白区,440904
44,广东省,4409,茂名市,44,高州市,440981
44,广东省,4409,茂名市,44,化州市,440982
44,广东省,4409,茂名市,44,信宜市,440983
44,广东省,4412,肇庆市,44,端州区,441202
44,广东省,4412,肇庆市,44,鼎湖区,441203
44,广东省,4412,肇庆市,44,高要区,441204
44,广东省,4412,肇庆市,44,广宁县,441223
44,广东省,4412,肇庆市,44,怀集县,441224
44,广东省,4412,肇庆市,44,封开县,441225
44,广东省,4412,肇庆市,44,德庆县,441226
44,广东省,4412,肇庆市,44,四会市,441284
44,广东省,4413,惠州市,44,惠城区,441302
44,广东省,4413,惠州市,44,惠阳区,441303
44,广东省,4413,惠州市,44,博罗县,441322
44,广东省,4413,惠州市,44,惠东县,441323
44,广东省,4413,惠州市,44,龙门县,441324
44,广东省,4414,梅州市,44,梅江区,441402
44,广东省,4414,梅州市,44,梅县区,441403
44,广东省,4414,梅州市,44,大埔县,441422
44,广东省,4414,梅州市,44,丰顺县,441423
44,广东省,4414,梅州市,44,五华县,441424
44,广东省,4414,梅州市,44,平远县,441426
44,广东省,4414,梅州市,44,蕉岭县,441427
44,广东省,4414,梅州市,44,兴宁市,441481
44,广东省,4415,汕尾市,44,城区,441502
44,广东省,4415,汕尾市,44,海丰县,441521
44,广东省,4415,汕尾市,44,陆河县,441523
44,广东省,4415,汕尾市,44,陆丰市,441581
44,广东省,4416,河源市,44,源城区,441602
44,广东省,4416,河源市,44,紫金县,441621
44,广东省,4416,河源市,44,龙川县,441622
44,广东省,4416,河源市,44,连平县,441623
44,广东省,4416,河源市,44,和平县,441624
44,广东省,4416,河源市,44,东源县,441625
44,广东省,4417,阳江市,44,江城区,441702
44,广东省,4417,阳江市,44,阳东区,441704
44,广东省,4417,阳江市,44,阳西县,441721
44,广东省,4417,阳江市,44,阳春市,441781
44,广东省,4418,清远市,44,清城区,441802
44,广东省,4418,清远市,44,清新区,441803
44,广东省,4418,清远市,44,佛冈县,441821
44,广东省,4418,清远市,44,阳山县,441823
44,广东省,4418,清远市,44,连山壮族瑶族自治县,441825
44,广东省,4418,清远市,44,连南瑶族自治县,441826
44,广东省,4418,清远市,44,英德市,441881
44,广东省,4418,清远市,44,连州市,441882
44,广东省,4419,东莞市,44,东莞市,441900
44,广东省,4420,中山市,44,中山市,442000
44,广东省,4451,潮州市,44,湘桥区,445102
44,广东省,4451,潮州市,44,潮安区,445103
44,广东省,4451,潮州市,44,饶平县,445122
44,广东省,4452,揭阳市,44,榕城区,445202
44,广东省,4452,揭阳市,44,揭东区,445203
44,广东省,4452,揭阳市,44,揭西县,445222
44,广东省,4452,揭阳市,44,惠来县,445224
44,广东省,4452,揭阳市,44,普宁市,445281
44,广东省,4453,云浮市,44,云城区,445302
44,广东省,4453,云浮市,44,云安区,445303
44,广东省,4453,云浮市,44,新兴县,445321
44,广东省,4453,云浮市,44,郁南县,445322
44,广东省,4453,云浮市,44,罗定市,445381
45,广西壮族自治区,4501,南宁市,45,兴宁区,450102
45,广西壮族自治区,4501,南宁市,45,青秀区,450103
45,广西壮族自治区,4501,南宁市,45,江南区,450105
45,广西壮族自治区,4501,南宁市,45,西乡塘区,450107
45,广西壮族自治区,4501,南宁市,45,良庆区,450108
45,广西壮族自治区,4501,南宁市,45,邕宁区,450109
45,广西壮族自治区,4501,南宁市,45,武鸣区,450110
45,广西壮族自治区,4501,南宁市,45,隆安县,450123
45,广西壮族自治区,4501,南宁市,45,马山县,450124
45,广西壮族自治区,4501,南宁市,45,上林县,450125
45,广西壮族自治区,4501,南宁市,45,宾阳县,450126
45,广西壮族自治区,4501,南宁市,45,横县,450127
45,广西壮族自治区,4502,柳州市,45,城中区,450202
45,广西壮族自治区,4502,柳州市,45,鱼峰区,450203
45,广西壮族自治区,4502,柳州市,45,柳南区,450204
45,广西壮族自治区,4502,柳州市,45,柳北区,450205
45,广西壮族自治区,4502,柳州市,45,柳江区,450206
45,广西壮族自治区,4502,柳州市,45,柳城县,450222
45,广西壮族自治区,4502,柳州市,45,鹿寨县,450223
45,广西壮族自治区,4502,柳州市,45,融安县,450224
45,广西壮族自治区,4502,柳州市,45,融水苗族自治县,450225
45,广西壮族自治区,4502,柳州市,45,三江侗族自治县,450226
45,广西壮族自治区,4503,桂林市,45,秀峰区,450302
45,广西壮族自治区,4503,桂林市,45,叠彩区,450303
45,广西壮族自治区,4503,桂林市,45,象山区,450304
45,广西壮族自治区,4503,桂林市,45,七星区,450305
45,广西壮族自治区,4503,桂林市,45,雁山区,450311
45,广西壮族自治区,4503,桂林市,45,临桂区,450312
45,广西壮族自治区,4503,桂林市,45,阳朔县,450321
45,广西壮族自治区,4503,桂林市,45,灵川县,450323
45,广西壮族自治区,4503,桂林市,45,全州县,450324
45,广西壮族自治区,4503,桂林市,45,兴安县,450325
45,广西壮族自治区,4503,桂林市,45,永福县,450326
45,广西壮族自治区,4503,桂林市,45,灌阳县,450327
45,广西壮族自治区,4503,桂林市,45,龙胜各族自治县,450328
45,广西壮族自治区,4503,桂林市,45,资源县,450329
45,广西壮族自治区,4503,桂林市,45,平乐县,450330
45,广西壮族自治区,4503,桂林市,45,恭城瑶族自治县,450332
45,广西壮族自治区,4503,桂林市,45,荔浦市,450381
45,广西壮族自治区,4504,梧州市,45,万秀区,450403
45,广西壮族自治区,4504,梧州市,45,长洲区,450405
45,广西壮族自治区,4504,梧州市,45,龙圩区,450406
45,广西壮族自治区,4504,梧州市,45,苍梧县,450421
45,广西壮族自治区,4504,梧州市,45,藤县,450422
45,广西壮族自治区,4504,梧州市,45,蒙山县,450423
45,广西壮族自治区,4504,梧州市,45,岑溪市,450481
45,广西壮族自治区,4505,北海市,45,海城区,450502
45,广西壮族自治区,4505,北海市,45,银海区,450503
45,广西壮族自治区,4505,北海市,45,铁山港区,450512
45,广西壮族自治区,4505,北海市,45,合浦县,450521
45,广西壮族自治区,4506,防城港市,45,港口区,450602
45,广西壮族自治区,4506,防城港市,45,防城区,450603
45,广西壮族自治区,4506,防城港市,45,上思县,450621
45,广西壮族自治区,4506,防城港市,45,东兴市,450681
45,广西壮族自治区,4507,钦州市,45,钦南区,450702
45,广西壮族自治区,4507,钦州市,45,钦北区,450703
45,广西壮族自治区,4507,钦州市,45,灵山县,450721
45,广西壮族自治区,4507,钦州市,45,浦北县,450722
45,广西壮族自治区,4508,贵港市,45,港北区,450802
45,广西壮族自治区,4508,贵港市,45,港南区,450803
45,广西壮族自治区,4508,贵港市,45,覃塘区,450804
45,广西壮族自治区,4508,贵港市,45,平南县,450821
45,广西壮族自治区,4508,贵港市,45,桂平市,450881
45,广西壮族自治区,4509,玉林市,45,玉州区,450902
45,广西壮族自治区,4509,玉林市,45,福绵区,450903
45,广西壮族自治区,4509,玉林市,45,容县,450921
45,广西壮族自治区,4509,玉林市,45,陆川县,450922
45,广西壮族自治区,4509,玉林市,45,博白县,450923
45,广西壮族自治区,4509,玉林市,45,兴业县,450924
45,广西壮族自治区,4509,玉林市,45,北流市,450981
45,广西壮族自治区,4510,百色市,45,右江区,451002
45,广西壮族自治区,4510,百色市,45,田阳区,451003
45,广西壮族自治区,4510,百色市,45,田东县,451022
45,广西壮族自治区,4510,百色市,45,德保县,451024
45,广西壮族自治区,4510,百色市,45,那坡县,451026
45,广西壮族自治区,4510,百色市,45,凌云县,451027
45,广西壮族自治区,4510,百色市,45,乐业县,451028
45,广西壮族自治区,4510,百色市,45,田林县,451029
45,广西壮族自治区,4510,百色市,45,西林县,451030
45,广西壮族自治区,4510,百色市,45,隆林各族自治县,451031
45,广西壮族自治区,4510,百色市,45,靖西市,451081
45,广西壮族自治区,4510,百色市,45,平果市,451082
45,广西壮族自治区,4511,贺州市,45,八步区,451102
45,广西壮族自治区,4511,贺州市,45,平桂区,451103
45,广西壮族自治区,4511,贺州市,45,昭平县,451121
45,广西壮族自治区,4511,贺州市,45,钟山县,451122
45,广西壮族自治区,4511,贺州市,45,富川瑶族自治县,451123
45,广西壮族自治区,4512,河池市,45,金城江区,451202
45,广西壮族自治区,4512,河池市,45,宜州区,451203
45,广西壮族自治区,4512,河池市,45,南丹县,451221
45,广西壮族自治区,4512,河池市,45,天峨县,451222
45,广西壮族自治区,4512,河池市,45,凤山县,451223
45,广西壮族自治区,4512,河池市,45,东兰县,451224
45,广西壮族自治区,4512,河池市,45,罗城仫佬族自治县,451225
45,广西壮族自治区,4512,河池市,45,环江毛南族自治县,451226
45,广西壮族自治区,4512,河池市,45,巴马瑶族自治县,451227
45,广西壮族自治区,4512,河池市,45,都安瑶族自治县,451228
45,广西壮族自治区,4512,河池市,45,大化瑶族自治县,451229
45,广西壮族自治区,4513,来宾市,45,兴宾区,451302
45,广西壮族自治区,4513,来宾市,45,忻城县,451321
45,广西壮族自治区,4513,来宾市,45,象州县,451322
45,广西壮族自治区,4513,来宾市,45,武宣县,451323
45,广西壮族自治区,4513,来宾市,45,金秀瑶族自治县,451324
45,广西壮族自治区,4513,来宾市,45,合山市,451381
45,广西壮族自治区,4514,崇左市,45,江州区,451402
45,广西壮族自治区,4514,崇左市,45,扶绥县,451421
45,广西壮族自治区,4514,崇左市,45,宁明县,451422
45,广西壮族自治区,4514,崇左市,45,龙州县,451423
45,广西壮族自治区,4514,崇左市,45,大新县,451424
45,广西壮族自治区,4514,崇左市,45,天等县,451425
45,广西壮族自治区,4514,崇左市,45,凭祥市,451481
46,海南省,4601,海口市,46,秀英区,460105
46,海南省,4601,海口市,46,龙华区,460106
46,海南省,4601,海口市,46,琼山区,460107
46,海南省,4601,海口市,46,美兰区,460108
46,海南省,4602,三亚市,46,海棠区,460202
46,海南省,4602,三亚市,46,吉阳区,460203
46,海南省,4602,三亚市,46,天涯区,460204
46,海南省,4602,三亚市,46,崖州区,460205
46,海南省,4603,三沙市,46,西沙群岛,460321
46,海南省,4603,三沙市,46,南沙群岛,460322
46,海南省,4603,三沙市,46,中沙群岛的岛礁及其海域,460323
46,海南省,4604,儋州市,46,儋州市,460400
46,海南省,4690,省直辖县级行政区划,46,五指山市,469001
46,海南省,4690,省直辖县级行政区划,46,琼海市,469002
46,海南省,4690,省直辖县级行政区划,46,文昌市,469005
46,海南省,4690,省直辖县级行政区划,46,万宁市,469006
46,海南省,4690,省直辖县级行政区划,46,东方市,469007
46,海南省,4690,省直辖县级行政区划,46,定安县,469021
46,海南省,4690,省直辖县级行政区划,46,屯昌县,469022
46,海南省,4690,省直辖县级行政区划,46,澄迈县,469023
46,海南省,4690,省直辖县级行政区划,46,临高县,469024
46,海南省,4690,省直辖县级行政区划,46,白沙黎族自治县,469025
46,海南省,4690,省直辖县级行政区划,46,昌江黎族自治县,469026
46,海南省,4690,省直辖县级行政区划,46,乐东黎族自治县,469027
46,海南省,4690,省直辖县级行政区划,46,陵水黎族自治县,469028
46,海南省,4690,省直辖县级行政区划,46,保亭黎族苗族自治县,469029
46,海南省,4690,省直辖县级行政区划,46,琼中黎族苗族自治县,469030
50,重庆市,5001,市辖区,50,万州区,500101
50,重庆市,5001,市辖区,50,涪陵区,500102
50,重庆市,5001,市辖区,50,渝中区,500103
50,重庆市,5001,市辖区,50,大渡口区,500104
50,重庆市,5001,市辖区,50,江北区,500105
50,重庆市,5001,市辖区,50,沙坪坝区,500106
50,重庆市,5001,市辖区,50,九龙坡区,500107
50,重庆市,5001,市辖区,50,南岸区,500108
50,重庆市,5001,市辖区,50,北碚区,500109
50,重庆市,5001,市辖区,50,綦江区,500110
50,重庆市,5001,市辖区,50,大足区,500111
50,重庆市,5001,市辖区,50,渝北区,500112
50,重庆市,5001,市辖区,50,巴南区,500113
50,重庆市,5001,市辖区,50,黔江区,500114
50,重庆市,5001,市辖区,50,长寿区,500115
50,重庆市,5001,市辖区,50,江津区,500116
50,重庆市,5001,市辖区,50,合川区,500117
50,重庆市,5001,市辖区,50,永川区,500118
50,重庆市,5001,市辖区,50,南川区,500119
50,重庆市,5001,市辖区,50,璧山区,500120
50,重庆市,5001,市辖区,50,铜梁区,500151
50,重庆市,5001,市辖区,50,潼南区,500152
50,重庆市,5001,市辖区,50,荣昌区,500153
50,重庆市,5001,市辖区,50,开州区,500154
50,重庆市,5001,市辖区,50,梁平区,500155
50,重庆市,5001,市辖区,50,武隆区,500156
50,重庆市,5002,县,50,城口县,500229
50,重庆市,5002,县,50,丰都县,500230
50,重庆市,5002,县,50,垫江县,500231
50,重庆市,5002,县,50,忠县,500233
50,重庆市,5002,县,50,云阳县,500235
50,重庆市,5002,县,50,奉节县,500236
50,重庆市,5002,县,50,巫山县,500237
50,重庆市,5002,县,50,巫溪县,500238
50,重庆市,5002,县,50,石柱土家族自治县,500240
50,重庆市,5002,县,50,秀山土家族苗族自治县,500241
50,重庆市,5002,县,50,酉阳土家族苗族自治县,500242
50,重庆市,5002,县,50,彭水苗族土家族自治县,500243
51,四川省,5101,成都市,51,锦江区,510104
51,四川省,5101,成都市,51,青羊区,510105
51,四川省,5101,成都市,51,金牛区,510106
51,四川省,5101,成都市,51,武侯区,510107
51,四川省,5101,成都市,51,成华区,510108
51,四川省,5101,成都市,51,龙泉驿区,510112
51,四川省,5101,成都市,51,青白江区,510113
51,四川省,5101,成都市,51,新都区,510114
51,四川省,5101,成都市,51,温江区,510115
51,四川省,5101,成都市,51,双流区,510116
51,四川省,5101,成都市,51,郫都区,510117
51,四川省,5101,成都市,51,新津区,510118
51,四川省,5101,成都市,51,金堂县,510121
51,四川省,5101,成都市,51,大邑县,510129
51,四川省,5101,成都市,51,蒲江县,510131
51,四川省,5101,成都市,51,都江堰市,510181
51,四川省,5101,成都市,51,彭州市,510182
51,四川省,5101,成都市,51,邛崃市,510183
51,四川省,5101,成都市,51,崇州市,510184
51,四川省,5101,成都市,51,简阳市,510185
51,四川省,5103,自贡市,51,自流井区,510302
51,四川省,5103,自贡市,51,贡井区,510303
51,四川省,5103,自贡市,51,大安区,510304
51,四川省,5103,自贡市,51,沿滩区,510311
51,四川省,5103,自贡市,51,荣县,510321
51,四川省,5103,自贡市,51,富顺县,510322
51,四川省,5104,攀枝花市,51,东区,510402
51,四川省,5104,攀枝花市,51,西区,510403
51,四川省,5104,攀枝花市,51,仁和区,510411
51,四川省,5104,攀枝花市,51,米易县,510421
51,四川省,5104,攀枝花市,51,盐边县,510422
51,四川省,5105,泸州市,51,江阳区,510502
51,四川省,5105,泸州市,51,纳溪区,510503
51,四川省,5105,泸州市,51,龙马潭区,510504
51,四川省,5105,泸州市,51,泸县,510521
51,四川省,5105,泸州市,51,合江县,510522
51,四川省,5105,泸州市,51,叙永县,510524
51,四川省,5105,泸州市,51,古蔺县,510525
51,四川省,5106,德阳市,51,旌阳区,510603
51,四川省,5106,德阳市,51,罗江区,510604
51,四川省,5106,德阳市,51,中江县,510623
51,四川省,5106,德阳市,51,广汉市,510681
51,四川省,5106,德阳市,51,什邡市,510682
51,四川省,5106,德阳市,51,绵竹市,510683
51,四川省,5107,绵阳市,51,涪城区,510703
51,四川省,5107,绵阳市,51,游仙区,510704
51,四川省,5107,绵阳市,51,安州区,510705
51,四川省,5107,绵阳市,51,三台县,510722
51,四川省,5107,绵阳市,51,盐亭县,510723
51,四川省,5107,绵阳市,51,梓潼县,510725
51,四川省,5107,绵阳市,51,北川羌族自治县,510726
51,四川省,5107,绵阳市,51,平武县,510727
51,四川省,5107,绵阳市,51,江油市,510781
51,四川省,5108,广元市,51,利州区,510802
51,四川省,5108,广元市,51,昭化区,510811
51,四川省,5108,广元市,51,朝天区,510812
51,四川省,5108,广元市,51,旺苍县,510821
51,四川省,5108,广元市,51,青川县,510822
51,四川省,5108,广元市,51,剑阁县,510823
51,四川省,5108,广元市,51,苍溪县,510824
51,四川省,5109,遂宁市,51,船山区,510903
51,四川省,5109,遂宁市,51,安居区,510904
51,四川省,5109,遂宁市,51,蓬溪县,510921
51,四川省,5109,遂宁市,51,大英县,510923
51,四川省,5109,遂宁市,51,射洪市,510981
51,四川省,5110,内江市,51,市中区,511002
51,四川省,5110,内江市,51,东兴区,511011
51,四川省,5110,内江市,51,威远县,511024
51,四川省,5110,内江市,51,资中县,511025
51,四川省,5110,内江市,51,内江经济开发区,511071
51,四川省,5110,内江市,51,隆昌市,511083
51,四川省,5111,乐山市,51,市中区,511102
51,四川省,5111,乐山市,51,沙湾区,511111
51,四川省,5111,乐山市,51,五通桥区,511112
51,四川省,5111,乐山市,51,金口河区,511113
51,四川省,5111,乐山市,51,犍为县,511123
51,四川省,5111,乐山市,51,井研县,511124
51,四川省,5111,乐山市,51,夹江县,511126
51,四川省,5111,乐山市,51,沐川县,511129
51,四川省,5111,乐山市,51,峨边彝族自治县,511132
51,四川省,5111,乐山市,51,马边彝族自治县,511133
51,四川省,5111,乐山市,51,峨眉山市,511181
51,四川省,5113,南充市,51,顺庆区,511302
51,四川省,5113,南充市,51,高坪区,511303
51,四川省,5113,南充市,51,嘉陵区,511304
51,四川省,5113,南充市,51,南部县,511321
51,四川省,5113,南充市,51,营山县,511322
51,四川省,5113,南充市,51,蓬安县,511323
51,四川省,5113,南充市,51,仪陇县,511324
51,四川省,5113,南充市,51,西充县,511325
51,四川省,5113,南充市,51,阆中市,511381
51,四川省,5114,眉山市,51,东坡区,511402
51,四川省,5114,眉山市,51,彭山区,511403
51,四川省,5114,眉山市,51,仁寿县,511421
51,四川省,5114,眉山市,51,洪雅县,511423
51,四川省,5114,眉山市,51,丹棱县,511424
51,四川省,5114,眉山市,51,青神县,511425
51,四川省,5115,宜宾市,51,翠屏区,511502
51,四川省,5115,宜宾市,51,南溪区,511503
51,四川省,5115,宜宾市,51,叙州区,511504
51,四川省,5115,宜宾市,51,江安县,511523
51,四川省,5115,宜宾市,51,长宁县,511524
51,四川省,5115,宜宾市,51,高县,511525
51,四川省,5115,宜宾市,51,珙县,511526
51,四川省,5115,宜宾市,51,筠连县,511527
51,四川省,5115,宜宾市,51,兴文县,511528
51,四川省,5115,宜宾市,51,屏山县,511529
51,四川省,5116,广安市,51,广安区,511602
51,四川省,5116,广安市,51,前锋区,511603
51,四川省,5116,广安市,51,岳池县,511621
51,四川省,5116,广安市,51,武胜县,511622
51,四川省,5116,广安市,51,邻水县,511623
51,四川省,5116,广安市,51,华蓥市,511681
51,四川省,5117,达州市,51,通川区,511702
51,四川省,5117,达州市,51,达川区,511703
51,四川省,5117,达州市,51,宣汉县,511722
51,四川省,5117,达州市,51,开江县,511723
51,四川省,5117,达州市,51,大竹县,511724
51,四川省,5117,达州市,51,渠县,511725
51,四川省,5117,达州市,51,达州经济开发区,511771
51,四川省,5117,达州市,51,万源市,511781
51,四川省,5118,雅安市,51,雨城区,511802
51,四川省,5118,雅安市,51,名山区,511803
51,四川省,5118,雅安市,51,荥经县,511822
51,四川省,5118,雅安市,51,汉源县,511823
51,四川省,5118,雅安市,51,石棉县,511824
51,四川省,5118,雅安市,51,天全县,511825
51,四川省,5118,雅安市,51,芦山县,511826
51,四川省,5118,雅安市,51,宝兴县,511827
51,四川省,5119,巴中市,51,巴州区,511902
51,四川省,5119,巴中市,51,恩阳区,511903
51,四川省,5119,巴中市,51,通江县,511921
51,四川省,5119,巴中市,51,南江县,511922
51,四川省,5119,巴中市,51,平昌县,511923
51,四川省,5119,巴中市,51,巴中经济开发区,511971
51,四川省,5120,资阳市,51,雁江区,512002
51,四川省,5120,资阳市,51,安岳县,512021
51,四川省,5120,资阳市,51,乐至县,512022
51,四川省,5132,阿坝藏族羌族自治州,51,马尔康市,513201
51,四川省,5132,阿坝藏族羌族自治州,51,汶川县,513221
51,四川省,5132,阿坝藏族羌族自治州,51,理县,513222
51,四川省,5132,阿坝藏族羌族自治州,51,茂县,513223
51,四川省,5132,阿坝藏族羌族自治州,51,松潘县,513224
51,四川省,5132,阿坝藏族羌族自治州,51,九寨沟县,513225
51,四川省,5132,阿坝藏族羌族自治州,51,金川县,513226
51,四川省,5132,阿坝藏族羌族自治州,51,小金县,513227
51,四川省,5132,阿坝藏族羌族自治州,51,黑水县,513228
51,四川省,5132,阿坝藏族羌族自治州,51,壤塘县,513230
51,四川省,5132,阿坝藏族羌族自治州,51,阿坝县,513231
51,四川省,5132,阿坝藏族羌族自治州,51,若尔盖县,513232
51,四川省,5132,阿坝藏族羌族自治州,51,红原县,513233
51,四川省,5133,甘孜藏族自治州,51,康定市,513301
51,四川省,5133,甘孜藏族自治州,51,泸定县,513322
51,四川省,5133,甘孜藏族自治州,51,丹巴县,513323
51,四川省,5133,甘孜藏族自治州,51,九龙县,513324
51,四川省,5133,甘孜藏族自治州,51,雅江县,513325
51,四川省,5133,甘孜藏族自治州,51,道孚县,513326
51,四川省,5133,甘孜藏族自治州,51,炉霍县,513327
51,四川省,5133,甘孜藏族自治州,51,甘孜县,513328
51,四川省,5133,甘孜藏族自治州,51,新龙县,513329
51,四川省,5133,甘孜藏族自治州,51,德格县,513330
51,四川省,5133,甘孜藏族自治州,51,白玉县,513331
51,四川省,5133,甘孜藏族自治州,51,石渠县,513332
51,四川省,5133,甘孜藏族自治州,51,色达县,513333
51,四川省,5133,甘孜藏族自治州,51,理塘县,513334
51,四川省,5133,甘孜藏族自治州,51,巴塘县,513335
51,四川省,5133,甘孜藏族自治州,51,乡城县,513336
51,四川省,5133,甘孜藏族自治州,51,稻城县,513337
51,四川省,5133,甘孜藏族自治州,51,得荣县,513338
51,四川省,5134,凉山彝族自治州,51,西昌市,513401
51,四川省,5134,凉山彝族自治州,51,木里藏族自治县,513422
51,四川省,5134,凉山彝族自治州,51,盐源县,513423
51,四川省,5134,凉山彝族自治州,51,德昌县,513424
51,四川省,5134,凉山彝族自治州,51,会理县,513425
51,四川省,5134,凉山彝族自治州,51,会东县,513426
51,四川省,5134,凉山彝族自治州,51,宁南县,513427
51,四川省,5134,凉山彝族自治州,51,普格县,513428
51,四川省,5134,凉山彝族自治州,51,布拖县,513429
51,四川省,5134,凉山彝族自治州,51,金阳县,513430
51,四川省,5134,凉山彝族自治州,51,昭觉县,513431
51,四川省,5134,凉山彝族自治州,51,喜德县,513432
51,四川省,5134,凉山彝族自治州,51,冕宁县,513433
51,四川省,5134,凉山彝族自治州,51,越西县,513434
51,四川省,5134,凉山彝族自治州,51,甘洛县,513435
51,四川省,5134,凉山彝族自治州,51,美姑县,513436
51,四川省,5134,凉山彝族自治州,51,雷波县,513437
52,贵州省,5201,贵阳市,52,南明区,520102
52,贵州省,5201,贵阳市,52,云岩区,520103
52,贵州省,5201,贵阳市,52,花溪区,520111
52,贵州省,5201,贵阳市,52,乌当区,520112
52,贵州省,5201,贵阳市,52,白云区,520113
52,贵州省,5201,贵阳市,52,观山湖区,520115
52,贵州省,5201,贵阳市,52,开阳县,520121
52,贵州省,5201,贵阳市,52,息烽县,520122
52,贵州省,5201,贵阳市,52,修文县,520123
52,贵州省,5201,贵阳市,52,清镇市,520181
52,贵州省,5202,六盘水市,52,钟山区,520201
52,贵州省,5202,六盘水市,52,六枝特区,520203
52,贵州省,5202,六盘水市,52,水城县,520221
52,贵州省,5202,六盘水市,52,盘州市,520281
52,贵州省,5203,遵义市,52,红花岗区,520302
52,贵州省,5203,遵义市,52,汇川区,520303
52,贵州省,5203,遵义市,52,播州区,520304
52,贵州省,5203,遵义市,52,桐梓县,520322
52,贵州省,5203,遵义市,52,绥阳县,520323
52,贵州省,5203,遵义市,52,正安县,520324
52,贵州省,5203,遵义市,52,道真仡佬族苗族自治县,520325
52,贵州省,5203,遵义市,52,务川仡佬族苗族自治县,520326
52,贵州省,5203,遵义市,52,凤冈县,520327
52,贵州省,5203,遵义市,52,湄潭县,520328
52,贵州省,5203,遵义市,52,余庆县,520329
52,贵州省,5203,遵义市,52,习水县,520330
52,贵州省,5203,遵义市,52,赤水市,520381
52,贵州省,5203,遵义市,52,仁怀市,520382
52,贵州省,5204,安顺市,52,西秀区,520402
52,贵州省,5204,安顺市,52,平坝区,520403
52,贵州省,5204,安顺市,52,普定县,520422
52,贵州省,5204,安顺市,52,镇宁布依族苗族自治县,520423
52,贵州省,5204,安顺市,52,关岭布依族苗族自治县,520424
52,贵州省,5204,安顺市,52,紫云苗族布依族自治县,520425
52,贵州省,5205,毕节市,52,七星关区,520502
52,贵州省,5205,毕节市,52,大方县,520521
52,贵州省,5205,毕节市,52,黔西县,520522
52,贵州省,5205,毕节市,52,金沙县,520523
52,贵州省,5205,毕节市,52,织金县,520524
52,贵州省,5205,毕节市,52,纳雍县,520525
52,贵州省,5205,毕节市,52,威宁彝族回族苗族自治县,520526
52,贵州省,5205,毕节市,52,赫章县,520527
52,贵州省,5206,铜仁市,52,碧江区,520602
52,贵州省,5206,铜仁市,52,万山区,520603
52,贵州省,5206,铜仁市,52,江口县,520621
52,贵州省,5206,铜仁市,52,玉屏侗族自治县,520622
52,贵州省,5206,铜仁市,52,石阡县,520623
52,贵州省,5206,铜仁市,52,思南县,520624
52,贵州省,5206,铜仁市,52,印江土家族苗族自治县,520625
52,贵州省,5206,铜仁市,52,德江县,520626
52,贵州省,5206,铜仁市,52,沿河土家族自治县,520627
52,贵州省,5206,铜仁市,52,松桃苗族自治县,520628
52,贵州省,5223,黔西南布依族苗族自治州,52,兴义市,522301
52,贵州省,5223,黔西南布依族苗族自治州,52,兴仁市,522302
52,贵州省,5223,黔西南布依族苗族自治州,52,普安县,522323
52,贵州省,5223,黔西南布依族苗族自治州,52,晴隆县,522324
52,贵州省,5223,黔西南布依族苗族自治州,52,贞丰县,522325
52,贵州省,5223,黔西南布依族苗族自治州,52,望谟县,522326
52,贵州省,5223,黔西南布依族苗族自治州,52,册亨县,522327
52,贵州省,5223,黔西南布依族苗族自治州,52,安龙县,522328
52,贵州省,5226,黔东南苗族侗族自治州,52,凯里市,522601
52,贵州省,5226,黔东南苗族侗族自治州,52,黄平县,522622
52,贵州省,5226,黔东南苗族侗族自治州,52,施秉县,522623
52,贵州省,5226,黔东南苗族侗族自治州,52,三穗县,522624
52,贵州省,5226,黔东南苗族侗族自治州,52,镇远县,522625
52,贵州省,5226,黔东南苗族侗族自治州,52,岑巩县,522626
52,贵州省,5226,黔东南苗族侗族自治州,52,天柱县,522627
52,贵州省,5226,黔东南苗族侗族自治州,52,锦屏县,522628
52,贵州省,5226,黔东南苗族侗族自治州,52,剑河县,522629
52,贵州省,5226,黔东南苗族侗族自治州,52,台江县,522630
52,贵州省,5226,黔东南苗族侗族自治州,52,黎平县,522631
52,贵州省,5226,黔东南苗族侗族自治州,52,榕江县,522632
52,贵州省,5226,黔东南苗族侗族自治州,52,从江县,522633
52,贵州省,5226,黔东南苗族侗族自治州,52,雷山县,522634
52,贵州省,5226,黔东南苗族侗族自治州,52,麻江县,522635
52,贵州省,5226,黔东南苗族侗族自治州,52,丹寨县,522636
52,贵州省,5227,黔南布依族苗族自治州,52,都匀市,522701
52,贵州省,5227,黔南布依族苗族自治州,52,福泉市,522702
52,贵州省,5227,黔南布依族苗族自治州,52,荔波县,522722
52,贵州省,5227,黔南布依族苗族自治州,52,贵定县,522723
52,贵州省,5227,黔南布依族苗族自治州,52,瓮安县,522725
52,贵州省,5227,黔南布依族苗族自治州,52,独山县,522726
52,贵州省,5227,黔南布依族苗族自治州,52,平塘县,522727
52,贵州省,5227,黔南布依族苗族自治州,52,罗甸县,522728
52,贵州省,5227,黔南布依族苗族自治州,52,长顺县,522729
52,贵州省,5227,黔南布依族苗族自治州,52,龙里县,522730
52,贵州省,5227,黔南布依族苗族自治州,52,惠水县,522731
52,贵州省,5227,黔南布依族苗族自治州,52,三都水族自治县,522732
53,云南省,5301,昆明市,53,五华区,530102
53,云南省,5301,昆明市,53,盘龙区,530103
53,云南省,5301,昆明市,53,官渡区,530111
53,云南省,5301,昆明市,53,西山区,530112
53,云南省,5301,昆明市,53,东川区,530113
53,云南省,5301,昆明市,53,呈贡区,530114
53,云南省,5301,昆明市,53,晋宁区,530115
53,云南省,5301,昆明市,53,富民县,530124
53,云南省,5301,昆明市,53,宜良县,530125
53,云南省,5301,昆明市,53,石林彝族自治县,530126
53,云南省,5301,昆明市,53,嵩明县,530127
53,云南省,5301,昆明市,53,禄劝彝族苗族自治县,530128
53,云南省,5301,昆明市,53,寻甸回族彝族自治县,530129
53,云南省,5301,昆明市,53,安宁市,530181
53,云南省,5303,曲靖市,53,麒麟区,530302
53,云南省,5303,曲靖市,53,沾益区,530303
53,云南省,5303,曲靖市,53,马龙区,530304
53,云南省,5303,曲靖市,53,陆良县,530322
53,云南省,5303,曲靖市,53,师宗县,530323
53,云南省,5303,曲靖市,53,罗平县,530324
53,云南省,5303,曲靖市,53,富源县,530325
53,云南省,5303,曲靖市,53,会泽县,530326
53,云南省,5303,曲靖市,53,宣威市,530381
53,云南省,5304,玉溪市,53,红塔区,530402
53,云南省,5304,玉溪市,53,江川区,530403
53,云南省,5304,玉溪市,53,通海县,530423
53,云南省,5304,玉溪市,53,华宁县,530424
53,云南省,5304,玉溪市,53,易门县,530425
53,云南省,5304,玉溪市,53,峨山彝族自治县,530426
53,云南省,5304,玉溪市,53,新平彝族傣族自治县,530427
53,云南省,5304,玉溪市,53,元江哈尼族彝族傣族自治县,530428
53,云南省,5304,玉溪市,53,澄江市,530481
53,云南省,5305,保山市,53,隆阳区,530502
53,云南省,5305,保山市,53,施甸县,530521
53,云南省,5305,保山市,53,龙陵县,530523
53,云南省,5305,保山市,53,昌宁县,530524
53,云南省,5305,保山市,53,腾冲市,530581
53,云南省,5306,昭通市,53,昭阳区,530602
53,云南省,5306,昭通市,53,鲁甸县,530621
53,云南省,5306,昭通市,53,巧家县,530622
53,云南省,5306,昭通市,53,盐津县,530623
53,云南省,5306,昭通市,53,大关县,530624
53,云南省,5306,昭通市,53,永善县,530625
53,云南省,5306,昭通市,53,绥江县,530626
53,云南省,5306,昭通市,53,镇雄县,530627
53,云南省,5306,昭通市,53,彝良县,530628
53,云南省,5306,昭通市,53,威信县,530629
53,云南省,5306,昭通市,53,水富市,530681
53,云南省,5307,丽江市,53,古城区,530702
53,云南省,5307,丽江市,53,玉龙纳西族自治县,530721
53,云南省,5307,丽江市,53,永胜县,530722
53,云南省,5307,丽江市,53,华坪县,530723
53,云南省,5307,丽江市,53,宁蒗彝族自治县,530724
53,云南省,5308,普洱市,53,思茅区,530802
53,云南省,5308,普洱市,53,宁洱哈尼族彝族自治县,530821
53,云南省,5308,普洱市,53,墨江哈尼族自治县,530822
53,云南省,5308,普洱市,53,景东彝族自治县,530823
53,云南省,5308,普洱市,53,景谷傣族彝族自治县,530824
53,云南省,5308,普洱市,53,镇沅彝族哈尼族拉祜族自治县,530825
53,云南省,5308,普洱市,53,江城哈尼族彝族自治县,530826
53,云南省,5308,普洱市,53,孟连傣族拉祜族佤族自治县,530827
53,云南省,5308,普洱市,53,澜沧拉祜族自治县,530828
53,云南省,5308,普洱市,53,西盟佤族自治县,530829
53,云南省,5309,临沧市,53,临翔区,530902
53,云南省,5309,临沧市,53,凤庆县,530921
53,云南省,5309,临沧市,53,云县,530922
53,云南省,5309,临沧市,53,永德县,530923
53,云南省,5309,临沧市,53,镇康县,530924
53,云南省,5309,临沧市,53,双江拉祜族佤族布朗族傣族自治县,530925
53,云南省,5309,临沧市,53,耿马傣族佤族自治县,530926
53,云南省,5309,临沧市,53,沧源佤族自治县,530927
53,云南省,5323,楚雄彝族自治州,53,楚雄市,532301
53,云南省,5323,楚雄彝族自治州,53,双柏县,532322
53,云南省,5323,楚雄彝族自治州,53,牟定县,532323
53,云南省,5323,楚雄彝族自治州,53,南华县,532324
53,云南省,5323,楚雄彝族自治州,53,姚安县,532325
53,云南省,5323,楚雄彝族自治州,53,大姚县,532326
53,云南省,5323,楚雄彝族自治州,53,永仁县,532327
53,云南省,5323,楚雄彝族自治州,53,元谋县,532328
53,云南省,5323,楚雄彝族自治州,53,武定县,532329
53,云南省,5323,楚雄彝族自治州,53,禄丰县,532331
53,云南省,5325,红河哈尼族彝族自治州,53,个旧市,532501
53,云南省,5325,红河哈尼族彝族自治州,53,开远市,532502
53,云南省,5325,红河哈尼族彝族自治州,53,蒙自市,532503
53,云南省,5325,红河哈尼族彝族自治州,53,弥勒市,532504
53,云南省,5325,红河哈尼族彝族自治州,53,屏边苗族自治县,532523
53,云南省,5325,红河哈尼族彝族自治州,53,建水县,532524
53,云南省,5325,红河哈尼族彝族自治州,53,石屏县,532525
53,云南省,5325,红河哈尼族彝族自治州,53,泸西县,532527
53,云南省,5325,红河哈尼族彝族自治州,53,元阳县,532528
53,云南省,5325,红河哈尼族彝族自治州,53,红河县,532529
53,云南省,5325,红河哈尼族彝族自治州,53,金平苗族瑶族傣族自治县,532530
53,云南省,5325,红河哈尼族彝族自治州,53,绿春县,532531
53,云南省,5325,红河哈尼族彝族自治州,53,河口瑶族自治县,532532
53,云南省,5326,文山壮族苗族自治州,53,文山市,532601
53,云南省,5326,文山壮族苗族自治州,53,砚山县,532622
53,云南省,5326,文山壮族苗族自治州,53,西畴县,532623
53,云南省,5326,文山壮族苗族自治州,53,麻栗坡县,532624
53,云南省,5326,文山壮族苗族自治州,53,马关县,532625
53,云南省,5326,文山壮族苗族自治州,53,丘北县,532626
53,云南省,5326,文山壮族苗族自治州,53,广南县,532627
53,云南省,5326,文山壮族苗族自治州,53,富宁县,532628
53,云南省,5328,西双版纳傣族自治州,53,景洪市,532801
53,云南省,5328,西双版纳傣族自治州,53,勐海县,532822
53,云南省,5328,西双版纳傣族自治州,53,勐腊县,532823
53,云南省,5329,大理白族自治州,53,大理市,532901
53,云南省,5329,大理白族自治州,53,漾濞彝族自治县,532922
53,云南省,5329,大理白族自治州,53,祥云县,532923
53,云南省,5329,大理白族自治州,53,宾川县,532924
53,云南省,5329,大理白族自治州,53,弥渡县,532925
53,云南省,5329,大理白族自治州,53,南涧彝族自治县,532926
53,云南省,5329,大理白族自治州,53,巍山彝族回族自治县,532927
53,云南省,5329,大理白族自治州,53,永平县,532928
53,云南省,5329,大理白族自治州,53,云龙县,532929
53,云南省,5329,大理白族自治州,53,洱源县,532930
53,云南省,5329,大理白族自治州,53,剑川县,532931
53,云南省,5329,大理白族自治州,53,鹤庆县,532932
53,云南省,5331,德宏傣族景颇族自治州,53,瑞丽市,533102
53,云南省,5331,德宏傣族景颇族自治州,53,芒市,533103
53,云南省,5331,德宏傣族景颇族自治州,53,梁河县,533122
53,云南省,5331,德宏傣族景颇族自治州,53,盈江县,533123
53,云南省,5331,德宏傣族景颇族自治州,53,陇川县,533124
53,云南省,5333,怒江傈僳族自治州,53,泸水市,533301
53,云南省,5333,怒江傈僳族自治州,53,福贡县,533323
53,云南省,5333,怒江傈僳族自治州,53,贡山独龙族怒族自治县,533324
53,云南省,5333,怒江傈僳族自治州,53,兰坪白族普米族自治县,533325
53,云南省,5334,迪庆藏族自治州,53,香格里拉市,533401
53,云南省,5334,迪庆藏族自治州,53,德钦县,533422
53,云南省,5334,迪庆藏族自治州,53,维西傈僳族自治县,533423
54,西藏自治区,5401,拉萨市,54,城关区,540102
54,西藏自治区,5401,拉萨市,54,堆龙德庆区,540103
54,西藏自治区,5401,拉萨市,54,达孜区,540104
54,西藏自治区,5401,拉萨市,54,林周县,540121
54,西藏自治区,5401,拉萨市,54,当雄县,540122
54,西藏自治区,5401,拉萨市,54,尼木县,540123
54,西藏自治区,5401,拉萨市,54,曲水县,540124
54,西藏自治区,5401,拉萨市,54,墨竹工卡县,540127
54,西藏自治区,5401,拉萨市,54,格尔木藏青工业园区,540171
54,西藏自治区,5401,拉萨市,54,拉萨经济技术开发区,540172
54,西藏自治区,5401,拉萨市,54,西藏文化旅游创意园区,540173
54,西藏自治区,5401,拉萨市,54,达孜工业园区,540174
54,西藏自治区,5402,日喀则市,54,桑珠孜区,540202
54,西藏自治区,5402,日喀则市,54,南木林县,540221
54,西藏自治区,5402,日喀则市,54,江孜县,540222
54,西藏自治区,5402,日喀则市,54,定日县,540223
54,西藏自治区,5402,日喀则市,54,萨迦县,540224
54,西藏自治区,5402,日喀则市,54,拉孜县,540225
54,西藏自治区,5402,日喀则市,54,昂仁县,540226
54,西藏自治区,5402,日喀则市,54,谢通门县,540227
54,西藏自治区,5402,日喀则市,54,白朗县,540228
54,西藏自治区,5402,日喀则市,54,仁布县,540229
54,西藏自治区,5402,日喀则市,54,康马县,540230
54,西藏自治区,5402,日喀则市,54,定结县,540231
54,西藏自治区,5402,日喀则市,54,仲巴县,540232
54,西藏自治区,5402,日喀则市,54,亚东县,540233
54,西藏自治区,5402,日喀则市,54,吉隆县,540234
54,西藏自治区,5402,日喀则市,54,聂拉木县,540235
54,西藏自治区,5402,日喀则市,54,萨嘎县,540236
54,西藏自治区,5402,日喀则市,54,岗巴县,540237
54,西藏自治区,5403,昌都市,54,卡若区,540302
54,西藏自治区,5403,昌都市,54,江达县,540321
54,西藏自治区,5403,昌都市,54,贡觉县,540322
54,西藏自治区,5403,昌都市,54,类乌齐县,540323
54,西藏自治区,5403,昌都市,54,丁青县,540324
54,西藏自治区,5403,昌都市,54,察雅县,540325
54,西藏自治区,5403,昌都市,54,八宿县,540326
54,西藏自治区,5403,昌都市,54,左贡县,540327
54,西藏自治区,5403,昌都市,54,芒康县,540328
54,西藏自治区,5403,昌都市,54,洛隆县,540329
54,西藏自治区,5403,昌都市,54,边坝县,540330
54,西藏自治区,5404,林芝市,54,巴宜区,540402
54,西藏自治区,5404,林芝市,54,工布江达县,540421
54,西藏自治区,5404,林芝市,54,米林县,540422
54,西藏自治区,5404,林芝市,54,墨脱县,540423
54,西藏自治区,5404,林芝市,54,波密县,540424
54,西藏自治区,5404,林芝市,54,察隅县,540425
54,西藏自治区,5404,林芝市,54,朗县,540426
54,西藏自治区,5405,山南市,54,乃东区,540502
54,西藏自治区,5405,山南市,54,扎囊县,540521
54,西藏自治区,5405,山南市,54,贡嘎县,540522
54,西藏自治区,5405,山南市,54,桑日县,540523
54,西藏自治区,5405,山南市,54,琼结县,540524
54,西藏自治区,5405,山南市,54,曲松县,540525
54,西藏自治区,5405,山南市,54,措美县,540526
54,西藏自治区,5405,山南市,54,洛扎县,540527
54,西藏自治区,5405,山南市,54,加查县,540528
54,西藏自治区,5405,山南市,54,隆子县,540529
54,西藏自治区,5405,山南市,54,错那县,540530
54,西藏自治区,5405,山南市,54,浪卡子县,540531
54,西藏自治区,5406,那曲市,54,色尼区,540602
54,西藏自治区,5406,那曲市,54,嘉黎县,540621
54,西藏自治区,5406,那曲市,54,比如县,540622
54,西藏自治区,5406,那曲市,54,聂荣县,540623
54,西藏自治区,5406,那曲市,54,安多县,540624
54,西藏自治区,5406,那曲市,54,申扎县,540625
54,西藏自治区,5406,那曲市,54,索县,540626
54,西藏自治区,5406,那曲市,54,班戈县,540627
54,西藏自治区,5406,那曲市,54,巴青县,540628
54,西藏自治区,5406,那曲市,54,尼玛县,540629
54,西藏自治区,5406,那曲市,54,双湖县,540630
54,西藏自治区,5425,阿里地区,54,普兰县,542521
54,西藏自治区,5425,阿里地区,54,札达县,542522
54,西藏自治区,5425,阿里地区,54,噶尔县,542523
54,西藏自治区,5425,阿里地区,54,日土县,542524
54,西藏自治区,5425,阿里地区,54,革吉县,542525
54,西藏自治区,5425,阿里地区,54,改则县,542526
54,西藏自治区,5425,阿里地区,54,措勤县,542527
61,陕西省,6101,西安市,61,新城区,610102
61,陕西省,6101,西安市,61,碑林区,610103
61,陕西省,6101,西安市,61,莲湖区,610104
61,陕西省,6101,西安市,61,灞桥区,610111
61,陕西省,6101,西安市,61,未央区,610112
61,陕西省,6101,西安市,61,雁塔区,610113
61,陕西省,6101,西安市,61,阎良区,610114
61,陕西省,6101,西安市,61,临潼区,610115
61,陕西省,6101,西安市,61,长安区,610116
61,陕西省,6101,西安市,61,高陵区,610117
61,陕西省,6101,西安市,61,鄠邑区,610118
61,陕西省,6101,西安市,61,蓝田县,610122
61,陕西省,6101,西安市,61,周至县,610124
61,陕西省,6102,铜川市,61,王益区,610202
61,陕西省,6102,铜川市,61,印台区,610203
61,陕西省,6102,铜川市,61,耀州区,610204
61,陕西省,6102,铜川市,61,宜君县,610222
61,陕西省,6103,宝鸡市,61,渭滨区,610302
61,陕西省,6103,宝鸡市,61,金台区,610303
61,陕西省,6103,宝鸡市,61,陈仓区,610304
61,陕西省,6103,宝鸡市,61,凤翔县,610322
61,陕西省,6103,宝鸡市,61,岐山县,610323
61,陕西省,6103,宝鸡市,61,扶风县,610324
61,陕西省,6103,宝鸡市,61,眉县,610326
61,陕西省,6103,宝鸡市,61,陇县,610327
61,陕西省,6103,宝鸡市,61,千阳县,610328
61,陕西省,6103,宝鸡市,61,麟游县,610329
61,陕西省,6103,宝鸡市,61,凤县,610330
61,陕西省,6103,宝鸡市,61,太白县,610331
61,陕西省,6104,咸阳市,61,秦都区,610402
61,陕西省,6104,咸阳市,61,杨陵区,610403
61,陕西省,6104,咸阳市,61,渭城区,610404
61,陕西省,6104,咸阳市,61,三原县,610422
61,陕西省,6104,咸阳市,61,泾阳县,610423
61,陕西省,6104,咸阳市,61,乾县,610424
61,陕西省,6104,咸阳市,61,礼泉县,610425
61,陕西省,6104,咸阳市,61,永寿县,610426
61,陕西省,6104,咸阳市,61,长武县,610428
61,陕西省,6104,咸阳市,61,旬邑县,610429
61,陕西省,6104,咸阳市,61,淳化县,610430
61,陕西省,6104,咸阳市,61,武功县,610431
61,陕西省,6104,咸阳市,61,兴平市,610481
61,陕西省,6104,咸阳市,61,彬州市,610482
61,陕西省,6105,渭南市,61,临渭区,610502
61,陕西省,6105,渭南市,61,华州区,610503
61,陕西省,6105,渭南市,61,潼关县,610522
61,陕西省,6105,渭南市,61,大荔县,610523
61,陕西省,6105,渭南市,61,合阳县,610524
61,陕西省,6105,渭南市,61,澄城县,610525
61,陕西省,6105,渭南市,61,蒲城县,610526
61,陕西省,6105,渭南市,61,白水县,610527
61,陕西省,6105,渭南市,61,富平县,610528
61,陕西省,6105,渭南市,61,韩城市,610581
61,陕西省,6105,渭南市,61,华阴市,610582
61,陕西省,6106,延安市,61,宝塔区,610602
61,陕西省,6106,延安市,61,安塞区,610603
61,陕西省,6106,延安市,61,延长县,610621
61,陕西省,6106,延安市,61,延川县,610622
61,陕西省,6106,延安市,61,志丹县,610625
61,陕西省,6106,延安市,61,吴起县,610626
61,陕西省,6106,延安市,61,甘泉县,610627
61,陕西省,6106,延安市,61,富县,610628
61,陕西省,6106,延安市,61,洛川县,610629
61,陕西省,6106,延安市,61,宜川县,610630
61,陕西省,6106,延安市,61,黄龙县,610631
61,陕西省,6106,延安市,61,黄陵县,610632
61,陕西省,6106,延安市,61,子长市,610681
61,陕西省,6107,汉中市,61,汉台区,610702
61,陕西省,6107,汉中市,61,南郑区,610703
61,陕西省,6107,汉中市,61,城固县,610722
61,陕西省,6107,汉中市,61,洋县,610723
61,陕西省,6107,汉中市,61,西乡县,610724
61,陕西省,6107,汉中市,61,勉县,610725
61,陕西省,6107,汉中市,61,宁强县,610726
61,陕西省,6107,汉中市,61,略阳县,610727
61,陕西省,6107,汉中市,61,镇巴县,610728
61,陕西省,6107,汉中市,61,留坝县,610729
61,陕西省,6107,汉中市,61,佛坪县,610730
61,陕西省,6108,榆林市,61,榆阳区,610802
61,陕西省,6108,榆林市,61,横山区,610803
61,陕西省,6108,榆林市,61,府谷县,610822
61,陕西省,6108,榆林市,61,靖边县,610824
61,陕西省,6108,榆林市,61,定边县,610825
61,陕西省,6108,榆林市,61,绥德县,610826
61,陕西省,6108,榆林市,61,米脂县,610827
61,陕西省,6108,榆林市,61,佳县,610828
61,陕西省,6108,榆林市,61,吴堡县,610829
61,陕西省,6108,榆林市,61,清涧县,610830
61,陕西省,6108,榆林市,61,子洲县,610831
61,陕西省,6108,榆林市,61,神木市,610881
61,陕西省,6109,安康市,61,汉滨区,610902
61,陕西省,6109,安康市,61,汉阴县,610921
61,陕西省,6109,安康市,61,石泉县,610922
61,陕西省,6109,安康市,61,宁陕县,610923
61,陕西省,6109,安康市,61,紫阳县,610924
61,陕西省,6109,安康市,61,岚皋县,610925
61,陕西省,6109,安康市,61,平利县,610926
61,陕西省,6109,安康市,61,镇坪县,610927
61,陕西省,6109,安康市,61,旬阳县,610928
61,陕西省,6109,安康市,61,白河县,610929
61,陕西省,6110,商洛市,61,商州区,611002
61,陕西省,6110,商洛市,61,洛南县,611021
61,陕西省,6110,商洛市,61,丹凤县,611022
61,陕西省,6110,商洛市,61,商南县,611023
61,陕西省,6110,商洛市,61,山阳县,611024
61,陕西省,6110,商洛市,61,镇安县,611025
61,陕西省,6110,商洛市,61,柞水县,611026
62,甘肃省,6201,兰州市,62,城关区,620102
62,甘肃省,6201,兰州市,62,七里河区,620103
62,甘肃省,6201,兰州市,62,西固区,620104
62,甘肃省,6201,兰州市,62,安宁区,620105
62,甘肃省,6201,兰州市,62,红古区,620111
62,甘肃省,6201,兰州市,62,永登县,620121
62,甘肃省,6201,兰州市,62,皋兰县,620122
62,甘肃省,6201,兰州市,62,榆中县,620123
62,甘肃省,6201,兰州市,62,兰州新区,620171
62,甘肃省,6202,嘉峪关市,62,嘉峪关市,620201
62,甘肃省,6203,金昌市,62,金川区,620302
62,甘肃省,6203,金昌市,62,永昌县,620321
62,甘肃省,6204,白银市,62,白银区,620402
62,甘肃省,6204,白银市,62,平川区,620403
62,甘肃省,6204,白银市,62,靖远县,620421
62,甘肃省,6204,白银市,62,会宁县,620422
62,甘肃省,6204,白银市,62,景泰县,620423
62,甘肃省,6205,天水市,62,秦州区,620502
62,甘肃省,6205,天水市,62,麦积区,620503
62,甘肃省,6205,天水市,62,清水县,620521
62,甘肃省,6205,天水市,62,秦安县,620522
62,甘肃省,6205,天水市,62,甘谷县,620523
62,甘肃省,6205,天水市,62,武山县,620524
62,甘肃省,6205,天水市,62,张家川回族自治县,620525
62,甘肃省,6206,武威市,62,凉州区,620602
62,甘肃省,6206,武威市,62,民勤县,620621
62,甘肃省,6206,武威市,62,古浪县,620622
62,甘肃省,6206,武威市,62,天祝藏族自治县,620623
62,甘肃省,6207,张掖市,62,甘州区,620702
62,甘肃省,6207,张掖市,62,肃南裕固族自治县,620721
62,甘肃省,6207,张掖市,62,民乐县,620722
62,甘肃省,6207,张掖市,62,临泽县,620723
62,甘肃省,6207,张掖市,62,高台县,620724
62,甘肃省,6207,张掖市,62,山丹县,620725
62,甘肃省,6208,平凉市,62,崆峒区,620802
62,甘肃省,6208,平凉市,62,泾川县,620821
62,甘肃省,6208,平凉市,62,灵台县,620822
62,甘肃省,6208,平凉市,62,崇信县,620823
62,甘肃省,6208,平凉市,62,庄浪县,620825
62,甘肃省,6208,平凉市,62,静宁县,620826
62,甘肃省,6208,平凉市,62,华亭市,620881
62,甘肃省,6209,酒泉市,62,肃州区,620902
62,甘肃省,6209,酒泉市,62,金塔县,620921
62,甘肃省,6209,酒泉市,62,瓜州县,620922
62,甘肃省,6209,酒泉市,62,肃北蒙古族自治县,620923
62,甘肃省,6209,酒泉市,62,阿克塞哈萨克族自治县,620924
62,甘肃省,6209,酒泉市,62,玉门市,620981
62,甘肃省,6209,酒泉市,62,敦煌市,620982
62,甘肃省,6210,庆阳市,62,西峰区,621002
62,甘肃省,6210,庆阳市,62,庆城县,621021
62,甘肃省,6210,庆阳市,62,环县,621022
62,甘肃省,6210,庆阳市,62,华池县,621023
62,甘肃省,6210,庆阳市,62,合水县,621024
62,甘肃省,6210,庆阳市,62,正宁县,621025
62,甘肃省,6210,庆阳市,62,宁县,621026
62,甘肃省,6210,庆阳市,62,镇原县,621027
62,甘肃省,6211,定西市,62,安定区,621102
62,甘肃省,6211,定西市,62,通渭县,621121
62,甘肃省,6211,定西市,62,陇西县,621122
62,甘肃省,6211,定西市,62,渭源县,621123
62,甘肃省,6211,定西市,62,临洮县,621124
62,甘肃省,6211,定西市,62,漳县,621125
62,甘肃省,6211,定西市,62,岷县,621126
62,甘肃省,6212,陇南市,62,武都区,621202
62,甘肃省,6212,陇南市,62,成县,621221
62,甘肃省,6212,陇南市,62,文县,621222
62,甘肃省,6212,陇南市,62,宕昌县,621223
62,甘肃省,6212,陇南市,62,康县,621224
62,甘肃省,6212,陇南市,62,西和县,621225
62,甘肃省,6212,陇南市,62,礼县,621226
62,甘肃省,6212,陇南市,62,徽县,621227
62,甘肃省,6212,陇南市,62,两当县,621228
62,甘肃省,6229,临夏回族自治州,62,临夏市,622901
62,甘肃省,6229,临夏回族自治州,62,临夏县,622921
62,甘肃省,6229,临夏回族自治州,62,康乐县,622922
62,甘肃省,6229,临夏回族自治州,62,永靖县,622923
62,甘肃省,6229,临夏回族自治州,62,广河县,622924
62,甘肃省,6229,临夏回族自治州,62,和政县,622925
62,甘肃省,6229,临夏回族自治州,62,东乡族自治县,622926
62,甘肃省,6229,临夏回族自治州,62,积石山保安族东乡族撒拉族自治县,622927
62,甘肃省,6230,甘南藏族自治州,62,合作市,623001
62,甘肃省,6230,甘南藏族自治州,62,临潭县,623021
62,甘肃省,6230,甘南藏族自治州,62,卓尼县,623022
62,甘肃省,6230,甘南藏族自治州,62,舟曲县,623023
62,甘肃省,6230,甘南藏族自治州,62,迭部县,623024
62,甘肃省,6230,甘南藏族自治州,62,玛曲县,623025
62,甘肃省,6230,甘南藏族自治州,62,碌曲县,623026
62,甘肃省,6230,甘南藏族自治州,62,夏河县,623027
63,青海省,6301,西宁市,63,城东区,630102
63,青海省,6301,西宁市,63,城中区,630103
63,青海省,6301,西宁市,63,城西区,630104
63,青海省,6301,西宁市,63,城北区,630105
63,青海省,6301,西宁市,63,湟中区,630106
63,青海省,6301,西宁市,63,大通回族土族自治县,630121
63,青海省,6301,西宁市,63,湟源县,630123
63,青海省,6302,海东市,63,乐都区,630202
63,青海省,6302,海东市,63,平安区,630203
63,青海省,6302,海东市,63,民和回族土族自治县,630222
63,青海省,6302,海东市,63,互助土族自治县,630223
63,青海省,6302,海东市,63,化隆回族自治县,630224
63,青海省,6302,海东市,63,循化撒拉族自治县,630225
63,青海省,6322,海北藏族自治州,63,门源回族自治县,632221
63,青海省,6322,海北藏族自治州,63,祁连县,632222
63,青海省,6322,海北藏族自治州,63,海晏县,632223
63,青海省,6322,海北藏族自治州,63,刚察县,632224
63,青海省,6323,黄南藏族自治州,63,同仁县,632321
63,青海省,6323,黄南藏族自治州,63,尖扎县,632322
63,青海省,6323,黄南藏族自治州,63,泽库县,632323
63,青海省,6323,黄南藏族自治州,63,河南蒙古族自治县,632324
63,青海省,6325,海南藏族自治州,63,共和县,632521
63,青海省,6325,海南藏族自治州,63,同德县,632522
63,青海省,6325,海南藏族自治州,63,贵德县,632523
63,青海省,6325,海南藏族自治州,63,兴海县,632524
63,青海省,6325,海南藏族自治州,63,贵南县,632525
63,青海省,6326,果洛藏族自治州,63,玛沁县,632621
63,青海省,6326,果洛藏族自治州,63,班玛县,632622
63,青海省,6326,果洛藏族自治州,63,甘德县,632623
63,青海省,6326,果洛藏族自治州,63,达日县,632624
63,青海省,6326,果洛藏族自治州,63,久治县,632625
63,青海省,6326,果洛藏族自治州,63,玛多县,632626
63,青海省,6327,玉树藏族自治州,63,玉树市,632701
63,青海省,6327,玉树藏族自治州,63,杂多县,632722
63,青海省,6327,玉树藏族自治州,63,称多县,632723
63,青海省,6327,玉树藏族自治州,63,治多县,632724
63,青海省,6327,玉树藏族自治州,63,囊谦县,632725
63,青海省,6327,玉树藏族自治州,63,曲麻莱县,632726
63,青海省,6328,海西蒙古族藏族自治州,63,格尔木市,632801
63,青海省,6328,海西蒙古族藏族自治州,63,德令哈市,632802
63,青海省,6328,海西蒙古族藏族自治州,63,茫崖市,632803
63,青海省,6328,海西蒙古族藏族自治州,63,乌兰县,632821
63,青海省,6328,海西蒙古族藏族自治州,63,都兰县,632822
63,青海省,6328,海西蒙古族藏族自治州,63,天峻县,632823
63,青海省,6328,海西蒙古族藏族自治州,63,大柴旦行政委员会,632857
64,宁夏回族自治区,6401,银川市,64,兴庆区,640104
64,宁夏回族自治区,6401,银川市,64,西夏区,640105
64,宁夏回族自治区,6401,银川市,64,金凤区,640106
64,宁夏回族自治区,6401,银川市,64,永宁县,640121
64,宁夏回族自治区,6401,银川市,64,贺兰县,640122
64,宁夏回族自治区,6401,银川市,64,灵武市,640181
64,宁夏回族自治区,6402,石嘴山市,64,大武口区,640202
64,宁夏回族自治区,6402,石嘴山市,64,惠农区,640205
64,宁夏回族自治区,6402,石嘴山市,64,平罗县,640221
64,宁夏回族自治区,6403,吴忠市,64,利通区,640302
64,宁夏回族自治区,6403,吴忠市,64,红寺堡区,640303
64,宁夏回族自治区,6403,吴忠市,64,盐池县,640323
64,宁夏回族自治区,6403,吴忠市,64,同心县,640324
64,宁夏回族自治区,6403,吴忠市,64,青铜峡市,640381
64,宁夏回族自治区,6404,固原市,64,原州区,640402
64,宁夏回族自治区,6404,固原市,64,西吉县,640422
64,宁夏回族自治区,6404,固原市,64,隆德县,640423
64,宁夏回族自治区,6404,固原市,64,泾源县,640424
64,宁夏回族自治区,6404,固原市,64,彭阳县,640425
64,宁夏回族自治区,6405,中卫市,64,沙坡头区,640502
64,宁夏回族自治区,6405,中卫市,64,中宁县,640521
64,宁夏回族自治区,6405,中卫市,64,海原县,640522
65,新疆维吾尔自治区,6501,乌鲁木齐市,65,天山区,650102
65,新疆维吾尔自治区,6501,乌鲁木齐市,65,沙依巴克区,650103
65,新疆维吾尔自治区,6501,乌鲁木齐市,65,新市区,650104
65,新疆维吾尔自治区,6501,乌鲁木齐市,65,水磨沟区,650105
65,新疆维吾尔自治区,6501,乌鲁木齐市,65,头屯河区,650106
65,新疆维吾尔自治区,6501,乌鲁木齐市,65,达坂城区,650107
65,新疆维吾尔自治区,6501,乌鲁木齐市,65,米东区,650109
65,新疆维吾尔自治区,6501,乌鲁木齐市,65,乌鲁木齐县,650121
65,新疆维吾尔自治区,6502,克拉玛依市,65,独山子区,650202
65,新疆维吾尔自治区,6502,克拉玛依市,65,克拉玛依区,650203
65,新疆维吾尔自治区,6502,克拉玛依市,65,白碱滩区,650204
65,新疆维吾尔自治区,6502,克拉玛依市,65,乌尔禾区,650205
65,新疆维吾尔自治区,6504,吐鲁番市,65,高昌区,650402
65,新疆维吾尔自治区,6504,吐鲁番市,65,鄯善县,650421
65,新疆维吾尔自治区,6504,吐鲁番市,65,托克逊县,650422
65,新疆维吾尔自治区,6505,哈密市,65,伊州区,650502
65,新疆维吾尔自治区,6505,哈密市,65,巴里坤哈萨克自治县,650521
65,新疆维吾尔自治区,6505,哈密市,65,伊吾县,650522
65,新疆维吾尔自治区,6523,昌吉回族自治州,65,昌吉市,652301
65,新疆维吾尔自治区,6523,昌吉回族自治州,65,阜康市,652302
65,新疆维吾尔自治区,6523,昌吉回族自治州,65,呼图壁县,652323
65,新疆维吾尔自治区,6523,昌吉回族自治州,65,玛纳斯县,652324
65,新疆维吾尔自治区,6523,昌吉回族自治州,65,奇台县,652325
65,新疆维吾尔自治区,6523,昌吉回族自治州,65,吉木萨尔县,652327
65,新疆维吾尔自治区,6523,昌吉回族自治州,65,木垒哈萨克自治县,652328
65,新疆维吾尔自治区,6527,博尔塔拉蒙古自治州,65,博乐市,652701
65,新疆维吾尔自治区,6527,博尔塔拉蒙古自治州,65,阿拉山口市,652702
65,新疆维吾尔自治区,6527,博尔塔拉蒙古自治州,65,精河县,652722
65,新疆维吾尔自治区,6527,博尔塔拉蒙古自治州,65,温泉县,652723
65,新疆维吾尔自治区,6528,巴音郭楞蒙古自治州,65,库尔勒市,652801
65,新疆维吾尔自治区,6528,巴音郭楞蒙古自治州,65,轮台县,652822
65,新疆维吾尔自治区,6528,巴音郭楞蒙古自治州,65,尉犁县,652823
65,新疆维吾尔自治区,6528,巴音郭楞蒙古自治州,65,若羌县,652824
65,新疆维吾尔自治区,6528,巴音郭楞蒙古自治州,65,且末县,652825
65,新疆维吾尔自治区,6528,巴音郭楞蒙古自治州,65,焉耆回族自治县,652826
65,新疆维吾尔自治区,6528,巴音郭楞蒙古自治州,65,和静县,652827
65,新疆维吾尔自治区,6528,巴音郭楞蒙古自治州,65,和硕县,652828
65,新疆维吾尔自治区,6528,巴音郭楞蒙古自治州,65,博湖县,652829
65,新疆维吾尔自治区,6528,巴音郭楞蒙古自治州,65,库尔勒经济技术开发区,652871
65,新疆维吾尔自治区,6529,阿克苏地区,65,阿克苏市,652901
65,新疆维吾尔自治区,6529,阿克苏地区,65,库车市,652902
65,新疆维吾尔自治区,6529,阿克苏地区,65,温宿县,652922
65,新疆维吾尔自治区,6529,阿克苏地区,65,沙雅县,652924
65,新疆维吾尔自治区,6529,阿克苏地区,65,新和县,652925
65,新疆维吾尔自治区,6529,阿克苏地区,65,拜城县,652926
65,新疆维吾尔自治区,6529,阿克苏地区,65,乌什县,652927
65,新疆维吾尔自治区,6529,阿克苏地区,65,阿瓦提县,652928
65,新疆维吾尔自治区,6529,阿克苏地区,65,柯坪县,652929
65,新疆维吾尔自治区,6530,克孜勒苏柯尔克孜自治州,65,阿图什市,653001
65,新疆维吾尔自治区,6530,克孜勒苏柯尔克孜自治州,65,阿克陶县,653022
65,新疆维吾尔自治区,6530,克孜勒苏柯尔克孜自治州,65,阿合奇县,653023
65,新疆维吾尔自治区,6530,克孜勒苏柯尔克孜自治州,65,乌恰县,653024
65,新疆维吾尔自治区,6531,喀什地区,65,喀什市,653101
65,新疆维吾尔自治区,6531,喀什地区,65,疏附县,653121
65,新疆维吾尔自治区,6531,喀什地区,65,疏勒县,653122
65,新疆维吾尔自治区,6531,喀什地区,65,英吉沙县,653123
65,新疆维吾尔自治区,6531,喀什地区,65,泽普县,653124
65,新疆维吾尔自治区,6531,喀什地区,65,莎车县,653125
65,新疆维吾尔自治区,6531,喀什地区,65,叶城县,653126
65,新疆维吾尔自治区,6531,喀什地区,65,麦盖提县,653127
65,新疆维吾尔自治区,6531,喀什地区,65,岳普湖县,653128
65,新疆维吾尔自治区,6531,喀什地区,65,伽师县,653129
65,新疆维吾尔自治区,6531,喀什地区,65,巴楚县,653130
65,新疆维吾尔自治区,6531,喀什地区,65,塔什库尔干塔吉克自治县,653131
65,新疆维吾尔自治区,6532,和田地区,65,和田市,653201
65,新疆维吾尔自治区,6532,和田地区,65,和田县,653221
65,新疆维吾尔自治区,6532,和田地区,65,墨玉县,653222
65,新疆维吾尔自治区,6532,和田地区,65,皮山县,653223
65,新疆维吾尔自治区,6532,和田地区,65,洛浦县,653224
65,新疆维吾尔自治区,6532,和田地区,65,策勒县,653225
65,新疆维吾尔自治区,6532,和田地区,65,于田县,653226
65,新疆维吾尔自治区,6532,和田地区,65,民丰县,653227
65,新疆维吾尔自治区,6540,伊犁哈萨克自治州,65,伊宁市,654002
65,新疆维吾尔自治区,6540,伊犁哈萨克自治州,65,奎屯市,654003
65,新疆维吾尔自治区,6540,伊犁哈萨克自治州,65,霍尔果斯市,654004
65,新疆维吾尔自治区,6540,伊犁哈萨克自治州,65,伊宁县,654021
65,新疆维吾尔自治区,6540,伊犁哈萨克自治州,65,察布查尔锡伯自治县,654022
65,新疆维吾尔自治区,6540,伊犁哈萨克自治州,65,霍城县,654023
65,新疆维吾尔自治区,6540,伊犁哈萨克自治州,65,巩留县,654024
65,新疆维吾尔自治区,6540,伊犁哈萨克自治州,65,新源县,654025
65,新疆维吾尔自治区,6540,伊犁哈萨克自治州,65,昭苏县,654026
65,新疆维吾尔自治区,6540,伊犁哈萨克自治州,65,特克斯县,654027
65,新疆维吾尔自治区,6540,伊犁哈萨克自治州,65,尼勒克县,654028
65,新疆维吾尔自治区,6542,塔城地区,65,塔城市,654201
65,新疆维吾尔自治区,6542,塔城地区,65,乌苏市,654202
65,新疆维吾尔自治区,6542,塔城地区,65,额敏县,654221
65,新疆维吾尔自治区,6542,塔城地区,65,沙湾县,654223
65,新疆维吾尔自治区,6542,塔城地区,65,托里县,654224
65,新疆维吾尔自治区,6542,塔城地区,65,裕民县,654225
65,新疆维吾尔自治区,6542,塔城地区,65,和布克赛尔蒙古自治县,654226
65,新疆维吾尔自治区,6543,阿勒泰地区,65,阿勒泰市,654301
65,新疆维吾尔自治区,6543,阿勒泰地区,65,布尔津县,654321
65,新疆维吾尔自治区,6543,阿勒泰地区,65,富蕴县,654322
65,新疆维吾尔自治区,6543,阿勒泰地区,65,福海县,654323
65,新疆维吾尔自治区,6543,阿勒泰地区,65,哈巴河县,654324
65,新疆维吾尔自治区,6543,阿勒泰地区,65,青河县,654325
65,新疆维吾尔自治区,6543,阿勒泰地区,65,吉木乃县,654326
65,新疆维吾尔自治区,6590,自治区直辖县级行政区划,65,石河子市,659001
65,新疆维吾尔自治区,6590,自治区直辖县级行政区划,65,阿拉尔市,659002
65,新疆维吾尔自治区,6590,自治区直辖县级行政区划,65,图木舒克市,659003
65,新疆维吾尔自治区,6590,自治区直辖县级行政区划,65,五家渠市,659004
65,新疆维吾尔自治区,6590,自治区直辖县级行政区划,65,北屯市,659005
65,新疆维吾尔自治区,6590,自治区直辖县级行政区划,65,铁门关市,659006
65,新疆维吾尔自治区,6590,自治区直辖县级行政区划,65,双河市,659007
65,新疆维吾尔自治区,6590,自治区直辖县级行政区划,65,可克达拉市,659008
65,新疆维吾尔自治区,6590,自治区直辖县级行政区划,65,昆玉市,659009
65,新疆维吾尔自治区,6590,自治区直辖县级行政区划,65,胡杨河市,659010
